"","musym","dmudesc","compname","comppct_r","compkind","drainagecl","slope_h","nirrcapcl","nirrcapscl","nirrcapunit","irrcapcl","irrcapscl","irrcapunit","landform_string","restr_depth","has_textural_B","pscs_clay","surface.rf.high","surface.txclay.high","subclass_prop_crit","subclass_slope_crit","subclass_calc","unit_calc"
"191","1013","MLRA 18 - 2x4d4 Mined Land-Anthraltic Xerorthents cplx, 1 to 15","Anthraltic Xerorthents",30,"taxon above family","excessively",15,8,NA,NA,8,NA,NA,"stream terrace",100,FALSE,2,90,10,"6",3,"NA","NA"
"288","1090","CA6301090","Miltonhills",2,"series","well",30,4,"e","1",4,"e","1","low hill",120,FALSE,5,10,10,"2a",4,"e","8"
"287","1090","CA6301090","Amador",5,"series","well",8,7,"e",NA,7,"e",NA,"low hill",37,FALSE,16,15,20,"4a",2,"e","NA"
"286","1090","CA6301090","Mollic Haploxeralfs",30,"family","well",30,4,"e","3",4,"e","3","terrace",68,TRUE,24.6774193548387,15,20,"2a",4,"e","8"
"285","1090","CA6301090","Ultic Haploxeralfs",60,"family","well",30,4,"e","7",4,"e","7","terrace",152,TRUE,20.445652173913,25,20,"2a",4,"e","7"
"290","1091","CA6301091","Aquic Dystroxerepts",20,"family","somewhat poorly",8,5,"e",NA,5,"e",NA,"stream terrace",200,FALSE,26.5230769230769,14,25,"1d",2,"e","NA"
"289","1091","CA6301091","Ultic Haploxeralfs",80,"family","well",8,3,"e","7",3,"e","7","stream terrace",152,TRUE,21,25,20,"2a",2,"e","7"
"364","128","MLRA 17 - 2x8lf Cogna FSL, 0 to 2, overwash","Columbia",1,"series","somewhat poorly",2,3,"w","2",2,"w","2","flood plain",152,FALSE,13.8026315789474,3,18,"7",1,"w","2"
"365","128","MLRA 17 - 2x8lf Cogna FSL, 0 to 2, overwash","Honcut",1,"series","well",2,3,"c",NA,2,"s","1","flood plain",152,FALSE,10.7631578947368,15,12,"7",1,"w","1"
"363","128","MLRA 17 - 2x8lf Cogna FSL, 0 to 2, overwash","Veritas",3,"series","moderately well",2,3,"s","8",3,"s","8","fan remnant",137,FALSE,10.5,6,16,"2a",1,"s","8"
"366","128","MLRA 17 - 2x8lf Cogna FSL, 0 to 2, overwash","Nord",4,"taxadjunct","well",2,3,"c",NA,1,NA,NA,"fan remnant",152,FALSE,14,0,18,"1d2",1,"NA","NA"
"372","128","MLRA 17 - 2x8lf Cogna FSL, 0 to 2, overwash","Archerdale",6,"series","well",2,3,"s","1",3,"s","1","stream terrace",152,FALSE,40.8486842105263,35,40,"2a",1,"s","5"
"362","128","MLRA 17 - 2x8lf Cogna FSL, 0 to 2, overwash","Cogna",85,"series","well",2,3,"c","1",1,NA,NA,"alluvial fan & terrace",163,FALSE,21,0,18,"1d2",1,"NA","NA"
"258","206","MLRA 18 - 2x8l2 Pentz SL, 2 to 15","Alamo",2,"series","poorly",2,5,"s",NA,5,"s",NA,"drainageway & fan remnant & depression",84,FALSE,50,0,60,"3a",1,"w","NA"
"427","206","MLRA 18 - 2x8l2 Pentz SL, 2 to 15","Jennylind",2,"series","well",15,6,"e",NA,6,"e",NA,"erosion remnant",50,FALSE,15,15,20,"4a",3,"e","NA"
"367","206","MLRA 18 - 2x8l2 Pentz SL, 2 to 15","Miltonhills",2,"series","well",30,4,"e","1",4,"e","1","eroded fan remnant sideslope",60,FALSE,17.5666666666667,15,20,"2a",4,"e","8"
"259","206","MLRA 18 - 2x8l2 Pentz SL, 2 to 15","Pardee",2,"series","well",8,6,"e",NA,6,"e",NA,"eroded fan remnant",46,TRUE,18.5,40,18,"6",2,"s","NA"
"260","206","MLRA 18 - 2x8l2 Pentz SL, 2 to 15","Peters",2,"series","well",8,6,"e",NA,6,"e",NA,"hill",38,FALSE,50,15,60,"4a",2,"e","NA"
"261","206","MLRA 18 - 2x8l2 Pentz SL, 2 to 15","Redding",2,"series","moderately well",8,6,"e",NA,6,"e",NA,"fan remnant",56,TRUE,26.2245989304813,35,25,"2a",2,"e","NA"
"257","206","MLRA 18 - 2x8l2 Pentz SL, 2 to 15","Bellota",3,"series","well",8,4,"e","8",4,"e","8","hill",89,TRUE,31.3820224719101,20,20,"2a",2,"e","8"
"256","206","MLRA 18 - 2x8l2 Pentz SL, 2 to 15","Pentz",85,"series","well",15,7,"e",NA,7,"e",NA,"hill",38,FALSE,15,15,18,"4a",3,"e","NA"
"428","207","MLRA 18 - 2x8l3 Pentz SL, 15 to 50","Jennylind",2,"series","well",15,6,"e",NA,6,"e",NA,"erosion remnant",50,FALSE,15,15,20,"4a",3,"e","NA"
"368","207","MLRA 18 - 2x8l3 Pentz SL, 15 to 50","Miltonhills",2,"series","well",50,6,"e",NA,6,"e",NA,"eroded fan remnant sideslope",60,FALSE,17.5666666666667,15,20,"2a",4,"e","NA"
"328","207","MLRA 18 - 2x8l3 Pentz SL, 15 to 50","Pardee",2,"series","well",8,6,"e",NA,6,"e",NA,"eroded fan remnant",46,TRUE,18.5,40,18,"6",2,"s","NA"
"264","207","MLRA 18 - 2x8l3 Pentz SL, 15 to 50","Redding",2,"series","moderately well",8,6,"e",NA,6,"e",NA,"fan remnant",56,TRUE,26.2245989304813,35,25,"2a",2,"e","NA"
"263","207","MLRA 18 - 2x8l3 Pentz SL, 15 to 50","Bellota",5,"series","well",8,4,"e","8",4,"e","8","hill",89,TRUE,31.3820224719101,20,20,"2a",2,"e","8"
"262","207","MLRA 18 - 2x8l3 Pentz SL, 15 to 50","Pentz",85,"series","well",50,7,"e",NA,7,"e",NA,"hill",38,FALSE,15,15,18,"4a",4,"e","NA"
"429","208","MLRA 18 - 2x8l4 Pentz CB-SL, 2 to 8","Jennylind",1,"series","well",15,6,"e",NA,6,"e",NA,"erosion remnant",50,FALSE,15,15,20,"4a",3,"e","NA"
"333","208","MLRA 18 - 2x8l4 Pentz CB-SL, 2 to 8","Alamo",2,"series","poorly",2,5,"s",NA,5,"s",NA,"drainageway & fan remnant & depression",84,FALSE,50,0,60,"3a",1,"w","NA"
"332","208","MLRA 18 - 2x8l4 Pentz CB-SL, 2 to 8","Pardee",3,"series","well",15,6,"e",NA,6,"e",NA,"eroded fan remnant",46,TRUE,18.5,40,18,"6",3,"s","NA"
"331","208","MLRA 18 - 2x8l4 Pentz CB-SL, 2 to 8","Redding",3,"series","moderately well",8,6,"e",NA,6,"e",NA,"fan remnant",56,TRUE,26.2245989304813,35,25,"2a",2,"e","NA"
"330","208","MLRA 18 - 2x8l4 Pentz CB-SL, 2 to 8","Peters",6,"series","well",8,6,"e",NA,6,"e",NA,"hill",38,FALSE,50,15,60,"4a",2,"e","NA"
"329","208","MLRA 18 - 2x8l4 Pentz CB-SL, 2 to 8","Pentz",85,"series","well",8,7,"e",NA,7,"e",NA,"hill",33,FALSE,13.7878787878788,35,18,"4a",2,"e","NA"
"336","209","MLRA 18 - 2x8l5 Pentz-Bellota cplx, 2 to 15","Hicksville",1,"series","moderately well",5,3,"e","1",3,"e","1","stream terrace & drainageway",112,TRUE,28.3392857142857,15,27,"1d",2,"e","8"
"339","209","MLRA 18 - 2x8l5 Pentz-Bellota cplx, 2 to 15","Pardee",2,"series","well",15,6,"e",NA,6,"e",NA,"eroded fan remnant",46,TRUE,18.5,40,18,"6",3,"s","NA"
"337","209","MLRA 18 - 2x8l5 Pentz-Bellota cplx, 2 to 15","Archerdale",3,"series","well",2,3,"s","1",3,"s","1","stream terrace & drainageway",152,FALSE,42,0,40,"2a",1,"s","5"
"338","209","MLRA 18 - 2x8l5 Pentz-Bellota cplx, 2 to 15","Peters",8,"series","well",8,6,"e",NA,6,"e",NA,"hill",38,FALSE,50,15,60,"4a",2,"e","NA"
"335","209","MLRA 18 - 2x8l5 Pentz-Bellota cplx, 2 to 15","Bellota",31,"series","well",8,4,"e","8",4,"e","8","hill",89,TRUE,31.3820224719101,20,20,"2a",2,"e","8"
"334","209","MLRA 18 - 2x8l5 Pentz-Bellota cplx, 2 to 15","Pentz",55,"series","well",15,7,"e",NA,7,"e",NA,"hill",36,FALSE,16,15,18,"4a",3,"e","NA"
"343","212","MLRA 18 - 2x8l6 Peters C, 2 to 8","Alamo",3,"series","poorly",2,5,"s",NA,5,"s",NA,"drainageway & fan remnant & depression",84,FALSE,50,0,60,"3a",1,"w","NA"
"344","212","MLRA 18 - 2x8l6 Peters C, 2 to 8","Pardee",3,"series","well",15,6,"e",NA,6,"e",NA,"eroded fan remnant",46,TRUE,18.5,40,18,"6",3,"s","NA"
"342","212","MLRA 18 - 2x8l6 Peters C, 2 to 8","Redding",4,"series","moderately well",8,6,"e",NA,6,"e",NA,"fan remnant",56,TRUE,26.2245989304813,35,25,"2a",2,"e","NA"
"341","212","MLRA 18 - 2x8l6 Peters C, 2 to 8","Pentz",5,"series","well",15,7,"e",NA,7,"e",NA,"hill",38,FALSE,15,15,18,"4a",3,"e","NA"
"340","212","MLRA 18 - 2x8l6 Peters C, 2 to 8","Peters",85,"series","well",8,6,"e",NA,6,"e",NA,"hill",38,FALSE,50,15,60,"4a",2,"e","NA"
"181","220","MLRA 17 - 2w8bm Redding gravelly loam, 0 to 8 percent slopes, dry","Redding",85,"series","moderately well",8,4,"e",NA,4,"e",NA,"fan remnant",56,TRUE,26.3021582733813,35,25,"2a",2,"e","8"
"359","301","MLRA 17 - 2x8ld Archerdale-Hicksville assoc, 0 to 2","Capay",1,"series","moderately well",2,3,"s","5",3,"s","5","basin floor",152,FALSE,45,0,55,"2a",1,"s","5"
"361","301","MLRA 17 - 2x8ld Archerdale-Hicksville assoc, 0 to 2","Finrod",1,"series","moderately well",2,3,"s","3",3,"s","3","alluvial fan",102,FALSE,42.0196078431373,0,50,"2a",1,"s","8"
"360","301","MLRA 17 - 2x8ld Archerdale-Hicksville assoc, 0 to 2","Nord",1,"taxadjunct","well",2,3,"e","1",1,NA,NA,"fan remnant",152,FALSE,14,0,18,"1d2",1,"NA","NA"
"412","301","MLRA 17 - 2x8ld Archerdale-Hicksville assoc, 0 to 2","Ultic Haploxerolls",5,"family","well",3,4,"e","4",4,"e","4","meander scar & stream terrace",110,FALSE,16.0666666666667,15,20,"1d",2,"e","11"
"374","301","MLRA 17 - 2x8ld Archerdale-Hicksville assoc, 0 to 2","Hollenbeck",7,"series","moderately well",3,3,"e","5",3,"e","1","backswamp & flood plain & swale",107,FALSE,48.1775700934579,0,60,"7",2,"w","8"
"373","301","MLRA 17 - 2x8ld Archerdale-Hicksville assoc, 0 to 2","Hicksville",20,"series","moderately well",2,3,"e","1",2,"e","1","stream terrace",152,TRUE,29.2456140350877,35,27,"1d2",1,"c","7"
"371","301","MLRA 17 - 2x8ld Archerdale-Hicksville assoc, 0 to 2","Archerdale",65,"series","well",2,3,"s","1",3,"s","1","stream terrace",152,FALSE,40.8486842105263,35,40,"2a",1,"s","5"
"249","3020","CA6303020","McCarthy",10,"taxadjunct","well",15,4,"e","1",4,"e","1","lahar",91,FALSE,13.0926470195546,45,18,"6",3,"s","8"
"226","3020","CA6303020","Iron Mountain",75,"series","somewhat excessively",15,8,NA,NA,8,NA,NA,"lahar",22,FALSE,16,35,20,"4b",3,"NA","NA"
"248","3021","MLRA 22A - 2mdj8 Iron Mountain-Crozier-Rock outcrop cplx, 15 to 60","McCarthy",10,"taxadjunct","well",60,7,"e",NA,7,"e",NA,"lahar",91,FALSE,13.0926470195546,45,18,"6",5,"e","NA"
"228","3021","MLRA 22A - 2mdj8 Iron Mountain-Crozier-Rock outcrop cplx, 15 to 60","Crozier",35,"taxadjunct","well",60,7,"e",NA,7,"e",NA,"lahar",91,TRUE,22.16,15,20,"2a",5,"e","NA"
"227","3021","MLRA 22A - 2mdj8 Iron Mountain-Crozier-Rock outcrop cplx, 15 to 60","Iron Mountain",40,"series","somewhat excessively",60,8,NA,NA,8,NA,NA,"lahar",15,FALSE,18.2,35,20,"4b",5,"NA","NA"
"246","3033","MLRA 22A - 2p8nd Redapple-Lilygap cplx, 15 to 30, lo precip","Ledmount",3,"series","well",30,6,"e",NA,6,"e",NA,"lahar",45,FALSE,17.3555555555556,35,18,"4a",4,"e","NA"
"251","3033","MLRA 22A - 2p8nd Redapple-Lilygap cplx, 15 to 30, lo precip","Devilsnose",10,"series","well",30,4,"e","1",4,"e","1","lahar",165,TRUE,18.6669491751719,15,18,"2a",4,"e","3"
"250","3033","MLRA 22A - 2p8nd Redapple-Lilygap cplx, 15 to 30, lo precip","Lilygap",39,"series","well",30,4,"e","1",4,"e","1","lahar",190,TRUE,16.5827586897488,15,20,"2a",4,"e","3"
"252","3033","MLRA 22A - 2p8nd Redapple-Lilygap cplx, 15 to 30, lo precip","Redapple",47,"series","well",30,4,"e","3",4,"e","3","lahar",200,TRUE,44.1151509140477,15,27,"2a",4,"e","3"
"247","3038","MLRA 22A - 2djch Devilsnose-Lilygap cplx, 30 to 60, lo precip","Iron Mountain",10,"series","somewhat excessively",60,8,NA,NA,8,NA,NA,"lahar",14,FALSE,19.2857142857143,35,18,"4b",5,"NA","NA"
"255","3038","MLRA 22A - 2djch Devilsnose-Lilygap cplx, 30 to 60, lo precip","Redapple",12,"series","well",60,7,"e",NA,7,"e",NA,"lahar",200,TRUE,44.1151509140477,15,27,"2a",5,"e","NA"
"254","3038","MLRA 22A - 2djch Devilsnose-Lilygap cplx, 30 to 60, lo precip","Lilygap",35,"series","well",60,7,"e",NA,7,"e",NA,"lahar",190,TRUE,16.5827586897488,15,20,"2a",5,"e","NA"
"253","3038","MLRA 22A - 2djch Devilsnose-Lilygap cplx, 30 to 60, lo precip","Devilsnose",40,"series","well",60,7,"e",NA,7,"e",NA,"lahar",165,TRUE,18.6669491751719,15,18,"2a",5,"e","NA"
"153","3046","MLRA 18 - 20mmx Goldwall-Toomes-Rock outcrop cplx, 1 to 8","Aquic Haploxeralfs",2,"taxon above family","poorly",3,5,"w",NA,5,"w",NA,"lava plateau",61,TRUE,30.1176470588235,15,20,"3a",2,"w","NA"
"1","3046","MLRA 18 - 20mmx Goldwall-Toomes-Rock outcrop cplx, 1 to 8","Ultic Argixerolls",5,"taxon above family","well",3,3,"e","7",3,"e","7","lava plateau",97,TRUE,22.1944444444444,15,20,"2a",2,"e","8"
"12","3046","MLRA 18 - 20mmx Goldwall-Toomes-Rock outcrop cplx, 1 to 8","Toomes",28,"series","well",8,7,"e",NA,7,"e",NA,"lava plateau",33,FALSE,12,15,20,"4a",2,"e","NA"
"152","3046","MLRA 18 - 20mmx Goldwall-Toomes-Rock outcrop cplx, 1 to 8","Goldwall",45,"series","moderately well",8,7,"s",NA,7,"s",NA,"lava plateau",15,FALSE,10,15,20,"4b",2,"s","NA"
"284","3058","MLRA 18 - 2n89j Shawsflat-Angelscreek cplx, 25 to 60","Miltonhills",5,"series","well",60,7,"e",NA,7,"e",NA,"lava plateau",81,FALSE,15.1639344262295,10,20,"1d",5,"e","NA"
"283","3058","MLRA 18 - 2n89j Shawsflat-Angelscreek cplx, 25 to 60","Pentz",5,"series","well",60,8,NA,NA,8,NA,NA,"lava plateau",23,FALSE,18.695652173913,15,20,"4b",5,"NA","NA"
"66","3058","MLRA 18 - 2n89j Shawsflat-Angelscreek cplx, 25 to 60","Angelscreek",15,"series","well",60,7,"e",NA,7,"e",NA,"lava plateau",152,TRUE,28.1818181818182,15,25,"2a",5,"e","NA"
"133","3058","MLRA 18 - 2n89j Shawsflat-Angelscreek cplx, 25 to 60","Shawsflat",65,"series","well",60,7,"e",NA,7,"e",NA,"lava plateau",74,FALSE,20.4324324324324,60,25,"6",5,"e","NA"
"349","401","MLRA 18 - 2x8l8 Peters-Pentz assoc, 2 to 8","Hicksville",1,"series","moderately well",2,3,"e","1",2,"e","1","stream terrace & drainageway",152,TRUE,29.2456140350877,35,27,"1d2",1,"c","7"
"351","401","MLRA 18 - 2x8l8 Peters-Pentz assoc, 2 to 8","Hollenbeck",1,"series","moderately well",3,4,"e","1",4,"e","1","backswamp & flood plain & swale",107,FALSE,48.1775700934579,0,60,"7",2,"w","8"
"422","401","MLRA 18 - 2x8l8 Peters-Pentz assoc, 2 to 8","Miltonhills",1,"series","well",30,4,"e","1",4,"e","1","eroded fan remnant sideslope",60,FALSE,17.5666666666667,15,20,"2a",4,"e","8"
"348","401","MLRA 18 - 2x8l8 Peters-Pentz assoc, 2 to 8","Archerdale",2,"series","well",2,3,"s","1",3,"s","1","stream terrace & drainageway",152,FALSE,40.8486842105263,35,40,"2a",1,"s","5"
"347","401","MLRA 18 - 2x8l8 Peters-Pentz assoc, 2 to 8","Redding",7,"series","moderately well",5,6,"e",NA,6,"e","8","fan remnant",56,TRUE,26.2245989304813,35,25,"2a",2,"e","NA"
"350","401","MLRA 18 - 2x8l8 Peters-Pentz assoc, 2 to 8","Pentz",28,"series","well",8,6,"e",NA,6,"e",NA,"hill",41,FALSE,17.6111111111111,25,18,"4a",2,"e","NA"
"345","401","MLRA 18 - 2x8l8 Peters-Pentz assoc, 2 to 8","Peters",60,"series","well",5,7,"e",NA,7,"e",NA,"hill",35,FALSE,40.8571428571429,9,40,"4a",2,"e","NA"
"245","4040","MLRA 22A - 2r6fg Iron Mountain-Redapple-Devilsnose cplx, 3 to 15","McCarthy",5,"taxadjunct","well",15,4,"e","1",4,"e","1","lahar",91,FALSE,13.0926470195546,45,18,"6",3,"s","8"
"244","4040","MLRA 22A - 2r6fg Iron Mountain-Redapple-Devilsnose cplx, 3 to 15","Devilsnose",25,"series","well",15,3,"e","1",3,"e","1","lahar",165,TRUE,18.6669491751719,15,18,"2a",3,"e","3"
"235","4040","MLRA 22A - 2r6fg Iron Mountain-Redapple-Devilsnose cplx, 3 to 15","Redapple",30,"series","well",15,3,"e","1",3,"e","1","lahar",200,TRUE,44.1151509140477,15,27,"2a",3,"e","3"
"242","4040","MLRA 22A - 2r6fg Iron Mountain-Redapple-Devilsnose cplx, 3 to 15","Iron Mountain",35,"series","somewhat excessively",15,8,NA,NA,8,NA,NA,"lahar",15,FALSE,4,35,20,"4b",3,"NA","NA"
"240","4046","MLRA 22A - 2djcm Redapple-Lilygap cplx, 15 to 30","Devilsnose",10,"series","well",30,4,"e","1",4,"e","1","lahar",165,TRUE,18.6669491751719,15,18,"2a",4,"e","3"
"236","4046","MLRA 22A - 2djcm Redapple-Lilygap cplx, 15 to 30","Lilygap",39,"series","well",30,4,"e","1",4,"e","1","lahar",190,TRUE,16.5827586897488,15,20,"2a",4,"e","3"
"241","4046","MLRA 22A - 2djcm Redapple-Lilygap cplx, 15 to 30","Redapple",50,"series","well",30,4,"e","1",4,"e","1","lahar",200,TRUE,44.1151509140477,15,27,"2a",4,"e","3"
"239","4048","MLRA 22A - 2djcl Devilsnose-Lilygap cplx, 30 to 60","Redapple",13,"series","well",60,7,"e",NA,7,"e",NA,"lahar",200,TRUE,44.1151509140477,15,27,"2a",5,"e","NA"
"238","4048","MLRA 22A - 2djcl Devilsnose-Lilygap cplx, 30 to 60","Lilygap",35,"series","well",60,7,"e",NA,7,"e",NA,"lahar",190,TRUE,16.5827586897488,15,20,"2a",5,"e","NA"
"237","4048","MLRA 22A - 2djcl Devilsnose-Lilygap cplx, 30 to 60","Devilsnose",50,"series","well",60,7,"e",NA,7,"e",NA,"lahar",165,TRUE,18.6669491751719,15,18,"2a",5,"e","NA"
"84","4136","CA6304136","Ultic Haploxeralfs",50,"taxon above family","well",35,6,"e",NA,6,"e",NA,"hill",82,TRUE,26.9868421052632,10,20,"2a",4,"e","NA"
"119","4136","CA6304136","Ultic Haploxeralfs",50,"taxon above family","well",35,6,"e",NA,6,"e",NA,"hill",46,TRUE,19.9130434782609,10,20,"4a",4,"e","NA"
"103","4200","CA6304200","Pentz",10,"series","well",15,7,"e",NA,7,"e",NA,"lahar",32,TRUE,19.6785714285714,15,20,"4a",3,"e","NA"
"104","4200","CA6304200","Angelscreek",20,"series","well",15,3,"e","7",3,"e","7","saddle & ridge & lahar",152,TRUE,27.1939388043953,15,20,"2a",3,"e","11"
"105","4200","CA6304200","Inks",67,"series","well",15,7,"e",NA,7,"e",NA,"ridge & lahar",46,TRUE,24.4782608695652,15,20,"4a",3,"e","NA"
"109","4201","CA6304201","Inks",5,"series","well",30,7,"e",NA,7,"e",NA,"lahar",21,TRUE,16.8571428571429,30,20,"4b",4,"s","NA"
"108","4201","CA6304201","Pachic Ultic Argixerolls",5,"taxon above family","well",30,4,"e","3",4,"e","3","lahar",113,TRUE,26.4690265486726,10,20,"1d",4,"e","8"
"107","4201","CA6304201","Pentz",15,"series","well",30,7,"e",NA,7,"e",NA,"lahar",23,FALSE,8.39999961853027,15,20,"4b",4,"s","NA"
"106","4201","CA6304201","Angelscreek",69,"series","well",30,4,"e","7",4,"e","7","lahar",152,FALSE,29.1176470588235,25,20,"2a",4,"e","7"
"281","4202","CA6304202","Inks",5,"series","well",60,8,NA,NA,8,NA,NA,"lahar",30,TRUE,22.2,15,20,"4a",5,"NA","NA"
"282","4202","CA6304202","Pachic Ultic Argixerolls",5,"taxon above family","well",60,8,NA,NA,8,NA,NA,"lahar",152,TRUE,23.421875,10,20,"1d",5,"NA","NA"
"111","4202","CA6304202","Pentz",15,"series","well",60,8,NA,NA,8,NA,NA,"lahar",24,FALSE,15.5,15,20,"4b",5,"NA","NA"
"110","4202","CA6304202","Angelscreek",65,"series","well",60,7,"e",NA,7,"e",NA,"lahar",152,TRUE,25.2173913043478,15,20,"2a",5,"e","NA"
"352","451","MLRA 18 - 2x8l9 Pentz-Peters assoc, 2 to 15","Archerdale",1,"series","well",2,3,"s","1",3,"s","1","stream terrace & drainageway",152,FALSE,40.8486842105263,35,40,"2a",1,"s","5"
"370","451","MLRA 18 - 2x8l9 Pentz-Peters assoc, 2 to 15","Miltonhills",5,"series","well",30,4,"e","1",4,"e","1","eroded fan remnant sideslope",60,FALSE,17.5666666666667,15,20,"2a",4,"e","8"
"353","451","MLRA 18 - 2x8l9 Pentz-Peters assoc, 2 to 15","Redding",5,"series","moderately well",5,6,"e",NA,6,"e",NA,"fan remnant",56,TRUE,26.2245989304813,35,25,"2a",2,"e","NA"
"346","451","MLRA 18 - 2x8l9 Pentz-Peters assoc, 2 to 15","Peters",25,"series","well",8,7,"e",NA,7,"e",NA,"hill",35,FALSE,40.8571428571429,9,40,"4a",2,"e","NA"
"354","451","MLRA 18 - 2x8l9 Pentz-Peters assoc, 2 to 15","Pentz",63,"series","well",15,7,"e",NA,7,"e",NA,"hill",31,FALSE,16.2258064516129,15,18,"4a",3,"e","NA"
"356","475","MLRA 18 - 2x8lb Pentz-Peters assoc, 2 to 50","Archerdale",2,"series","well",2,3,"s","1",3,NA,NA,"stream terrace & drainageway",152,FALSE,40.8486842105263,35,40,"2a",1,"s","5"
"369","475","MLRA 18 - 2x8lb Pentz-Peters assoc, 2 to 50","Miltonhills",5,"series","well",50,6,"e",NA,6,"e",NA,"eroded fan remnant sideslope",60,FALSE,17.5666666666667,15,20,"2a",4,"e","NA"
"357","475","MLRA 18 - 2x8lb Pentz-Peters assoc, 2 to 50","Redding",5,"series","moderately well",5,6,"e",NA,6,"e",NA,"fan remnant",56,TRUE,26.2245989304813,35,25,"2a",2,"e","NA"
"355","475","MLRA 18 - 2x8lb Pentz-Peters assoc, 2 to 50","Peters",25,"series","well",8,7,"e",NA,7,"e",NA,"hill",35,FALSE,40.8571428571429,9,40,"4a",2,"e","NA"
"358","475","MLRA 18 - 2x8lb Pentz-Peters assoc, 2 to 50","Pentz",62,"series","well",50,7,"e",NA,7,"e",NA,"hill",31,FALSE,16.2258064516129,15,18,"4a",4,"e","NA"
"309","5012","MLRA 18 - 2rx24 Amador sandy loam, 2 to 15","Redding",2,"series","moderately well",8,6,"e",NA,6,"e",NA,"eroded fan remnant",56,TRUE,26.3021582733813,35,25,"2a",2,"e","NA"
"131","5012","MLRA 18 - 2rx24 Amador sandy loam, 2 to 15","Miltonhills",5,"series","well",5,4,"e","9",4,"e","9","hill",56,FALSE,8,15,20,"2a",2,"e","8"
"310","5012","MLRA 18 - 2rx24 Amador sandy loam, 2 to 15","Pardee",5,"series","well",15,6,"e",NA,6,"e",NA,"ridge & eroded fan remnant",46,TRUE,16.6260871472566,35,20,"4a",3,"e","NA"
"137","5012","MLRA 18 - 2rx24 Amador sandy loam, 2 to 15","Gillender",9,"taxadjunct","moderately well",15,7,"s",NA,7,"s",NA,"swale & low hill",20,FALSE,12.5,10,20,"4b",3,"s","NA"
"132","5012","MLRA 18 - 2rx24 Amador sandy loam, 2 to 15","Amador",76,"series","well",15,7,"e",NA,7,"e",NA,"low hill",38,FALSE,19,15,20,"4a",3,"e","NA"
"308","5013","MLRA 18 - 2rx18 Miltonhills-Amador cplx, 15 to 45","Pardee",5,"series","well",40,7,"e",NA,7,"e",NA,"hill",45,TRUE,18.75,35,20,"4a",4,"e","NA"
"304","5013","MLRA 18 - 2rx18 Miltonhills-Amador cplx, 15 to 45","Ultic Argixerolls",10,"family","well",45,6,"e",NA,6,"e",NA,"hill",79,TRUE,29.0886075949367,25,18,"2a",4,"e","NA"
"300","5013","MLRA 18 - 2rx18 Miltonhills-Amador cplx, 15 to 45","Amador",30,"series","well",45,7,"e",NA,7,"e",NA,"hill",31,FALSE,15.741935483871,15,20,"4a",4,"e","NA"
"303","5013","MLRA 18 - 2rx18 Miltonhills-Amador cplx, 15 to 45","Miltonhills",50,"series","well",45,6,"e",NA,6,"e",NA,"hill",60,FALSE,17.5666666666667,15,20,"2a",4,"e","NA"
"421","5015","CA6305015","Pardee",5,"series","well",15,6,"e",NA,6,"e",NA,"ridge & eroded fan remnant",45,TRUE,16.2702702702703,35,20,"4a",3,"e","NA"
"154","5015","CA6305015","Jennylind",30,"series","well",15,6,"e",NA,6,"e",NA,"erosion remnant",50,FALSE,15,15,20,"4a",3,"e","NA"
"155","5015","CA6305015","Ospital",60,"series","moderately well",15,8,NA,NA,8,NA,NA,"erosion remnant",15,FALSE,15.7333333333333,10,20,"4b",3,"NA","NA"
"311","5016","CA6305016","Miltonhills",5,"series","well",45,6,"e",NA,6,"e",NA,"low hill",60,FALSE,17.5666666666667,15,20,"2a",4,"e","NA"
"302","5016","CA6305016","Ospital",10,"series","moderately well",15,8,NA,NA,8,NA,NA,"ridge & low hill",15,FALSE,15.7333333333333,10,20,"4b",3,"NA","NA"
"301","5016","CA6305016","Jennylind",65,"series","well",45,6,"e",NA,6,"e",NA,"low hill",45,FALSE,15,15,20,"4a",4,"e","NA"
"296","5051","CA6305051","Typic Haploxerults",5,"family","somewhat poorly",15,5,"e",NA,5,"e",NA,"stream terrace",126,TRUE,17.3492063492063,35,20,"1d",3,"e","NA"
"291","5051","CA6305051","Lithic Xerorthents",20,"family","excessively",15,8,NA,NA,8,NA,NA,"hill",18,FALSE,10,60,12,"6",3,"NA","NA"
"129","5051","CA6305051","Fuches",70,"series","well",15,7,"e",NA,7,"e",NA,"hill",32,FALSE,17.90625,35,20,"4a",3,"e","NA"
"295","5053","CA6305053","Typic Haploxerults",2,"family","well",50,6,"e",NA,6,"e",NA,"valley-floor remnant",68,TRUE,26.2222222222222,35,20,"1d",4,"e","NA"
"294","5053","CA6305053","Swissranch",10,"series","well",60,7,"e",NA,7,"e",NA,"hill",158,FALSE,22.5009347256099,35,20,"2a",5,"e","NA"
"292","5053","CA6305053","Lithic Xerorthents",18,"family","excessively",50,8,NA,NA,8,NA,NA,"hill",15,FALSE,8,60,12,"6",4,"NA","NA"
"293","5053","CA6305053","Fuches",65,"series","well",50,7,"e",NA,7,"e",NA,"hill",30,FALSE,19.4,35,20,"4a",4,"e","NA"
"299","5057","CA6305057","Fuches",5,"series","well",30,7,"e",NA,7,"e",NA,"lahar",30,FALSE,19.4,35,20,"4a",4,"e","NA"
"298","5057","CA6305057","Pachic Argixerolls",10,"family","well",15,3,"e","4",3,"e","4","lahar",160,TRUE,27.5,15,27,"2a",3,"e","3"
"297","5057","CA6305057","Supan",80,"taxadjunct","well",30,4,"e","8",4,"e","8","lahar",119,FALSE,29.0127662090545,15,27,"2a",4,"e","8"
"175","5100","MLRA 18 - 2lp7l  Ultic Haploxeralfs-Typic Palexerults-Aquultic Haploxeralfs 1 to 12","Red Bluff",5,"taxadjunct","well",12,3,"e","1",3,"e","1","paleoterrace & hill",155,TRUE,30.9647058823529,15,18,"2a",3,"e","1"
"176","5100","MLRA 18 - 2lp7l  Ultic Haploxeralfs-Typic Palexerults-Aquultic Haploxeralfs 1 to 12","Aquultic Haploxeralfs",15,"family","somewhat poorly",5,5,"e",NA,5,"e",NA,"hill",48,TRUE,33.7272727272727,15,27,"4a",2,"e","NA"
"174","5100","MLRA 18 - 2lp7l  Ultic Haploxeralfs-Typic Palexerults-Aquultic Haploxeralfs 1 to 12","Typic Palexerults",30,"family","well",12,3,"e","1",3,"e","1","hill",151,TRUE,27.2909090909091,15,18,"2a",3,"e","1"
"173","5100","MLRA 18 - 2lp7l  Ultic Haploxeralfs-Typic Palexerults-Aquultic Haploxeralfs 1 to 12","Ultic Haploxeralfs",50,"family","well",12,6,"e",NA,6,"e",NA,"hill",42,TRUE,17.4000004590568,20,15,"4a",3,"e","NA"
"180","5101","MLRA 18 - 2n7xp Hornitos-Red Bluff-Ultic Haploxeralfs cplx, 3 to 25","Typic Palexerults",4,"family","well",25,4,"e","1",4,"e","1","hill",151,TRUE,27.2909090909091,15,18,"2a",4,"e","1"
"178","5101","MLRA 18 - 2n7xp Hornitos-Red Bluff-Ultic Haploxeralfs cplx, 3 to 25","Ultic Haploxeralfs",20,"family","well",25,7,"e",NA,7,"e",NA,"hill",45,TRUE,13.3676470588235,20,15,"4a",4,"e","NA"
"179","5101","MLRA 18 - 2n7xp Hornitos-Red Bluff-Ultic Haploxeralfs cplx, 3 to 25","Red Bluff",25,"taxadjunct","well",25,4,"e","1",4,"e","1","paleoterrace & hill",155,TRUE,30.9647058823529,15,18,"2a",4,"e","1"
"177","5101","MLRA 18 - 2n7xp Hornitos-Red Bluff-Ultic Haploxeralfs cplx, 3 to 25","Hornitos",48,"series","well",25,7,"e",NA,7,"e",NA,"hill",25,FALSE,18,30,25,"4b",4,"s","NA"
"305","5201","MLRA 18 - 2rx20 Pardee CB-L, 2 to 15","Miltonhills",5,"series","well",15,4,"e","9",4,"e","9","eroded fan remnant sideslope",60,FALSE,17.5666666666667,15,20,"2a",3,"e","8"
"307","5201","MLRA 18 - 2rx20 Pardee CB-L, 2 to 15","Redding",5,"series","moderately well",8,6,"e",NA,6,"e",NA,"eroded fan remnant",56,TRUE,26.3021582733813,35,25,"2a",2,"e","NA"
"156","5201","MLRA 18 - 2rx20 Pardee CB-L, 2 to 15","Amador",10,"series","well",15,7,"e",NA,7,"e",NA,"eroded fan remnant",31,FALSE,9.48387096774194,15,20,"4a",3,"e","NA"
"136","5201","MLRA 18 - 2rx20 Pardee CB-L, 2 to 15","Pardee",76,"series","well",15,6,"e",NA,6,"e",NA,"eroded fan remnant",46,TRUE,16.6260871472566,35,20,"4a",3,"e","NA"
"306","5202","CA6305202","Miltonhills",5,"series","well",40,6,"e",NA,6,"e",NA,"eroded fan remnant sideslope",60,FALSE,17.5666666666667,15,20,"2a",4,"e","NA"
"157","5202","CA6305202","Amador",40,"series","well",40,7,"e",NA,7,"e",NA,"eroded fan remnant sideslope",40,FALSE,21.7999992370605,15,20,"4a",4,"e","NA"
"130","5202","CA6305202","Pardee",50,"series","well",40,7,"e",NA,7,"e",NA,"eroded fan remnant sideslope",45,TRUE,18.75,35,20,"4a",4,"e","NA"
"225","6029","MLRA 22A - 2277q Holland-Chawanakee-Rock outcrop cplx, 45 to 90","Chawanakee",25,"taxadjunct","somewhat excessively",90,8,NA,NA,8,NA,NA,"canyon",26,FALSE,15.5,15,18,"4a",5,"NA","NA"
"224","6029","MLRA 22A - 2277q Holland-Chawanakee-Rock outcrop cplx, 45 to 90","Holland",50,"taxadjunct","well",90,8,NA,NA,8,NA,NA,"canyon",200,TRUE,14.3298969072165,14,17,"1d",5,"NA","NA"
"425","6033","MLRA 22A - 2x4cn Musick-Wukusick cplx, 3 to 15, lo precip","Humic Lithic Dystroxerepts",3,"family","somewhat excessively",15,7,"e",NA,7,"e",NA,"mountain slope",28,FALSE,15.5357142857143,14,20,"4a",3,"e","NA"
"230","6033","MLRA 22A - 2x4cn Musick-Wukusick cplx, 3 to 15, lo precip","Wukusick",45,"series","well",15,3,"e","3",3,"e","3","mountain slope",200,TRUE,36,14,27,"1d",3,"e","5"
"229","6033","MLRA 22A - 2x4cn Musick-Wukusick cplx, 3 to 15, lo precip","Musick",50,"series","well",15,3,"e","1",3,"e","1","mountain slope",200,TRUE,22.8404255319149,15,20,"1d",3,"e","1"
"426","6034","MLRA 22A - 2277r Musick-Wukusick cplx, 3 to 15","Humic Lithic Dystroxerepts",3,"family","somewhat excessively",15,7,"e",NA,7,"e",NA,"mountain slope",28,FALSE,15.5357142857143,14,20,"4a",3,"e","NA"
"77","6034","MLRA 22A - 2277r Musick-Wukusick cplx, 3 to 15","Wukusick",45,"series","well",15,3,"e","3",3,"e","3","mountain slope",200,TRUE,36,14,27,"1d",3,"e","5"
"6","6034","MLRA 22A - 2277r Musick-Wukusick cplx, 3 to 15","Musick",50,"series","well",15,3,"e","1",3,"e","1","mountain slope",200,TRUE,22.8404255319149,15,20,"1d",3,"e","1"
"232","6036","MLRA 22A - 2x4cr Musick-Wukusick cplx, 15 to 30, lo precip","Wukusick",37,"series","well",30,4,"e","3",4,"e","3","mountain slope",200,TRUE,34.495145631068,14,27,"2a",4,"e","1"
"231","6036","MLRA 22A - 2x4cr Musick-Wukusick cplx, 15 to 30, lo precip","Musick",60,"series","well",30,4,"e","1",4,"e","1","mountain slope",185,TRUE,24.2222222222222,15,20,"1d",4,"e","1"
"234","6037","MLRA 22A - 2277s Musick-Wukusick cplx, 15 to 30","Wukusick",37,"series","well",30,4,"e","3",4,"e","3","mountain slope",200,TRUE,38.8717948717949,14,20,"1d",4,"e","5"
"233","6037","MLRA 22A - 2277s Musick-Wukusick cplx, 15 to 30","Musick",60,"series","well",30,4,"e","1",4,"e","1","mountain slope",185,TRUE,24.2222222222222,15,20,"1d",4,"e","1"
"78","6038","MLRA 22A - 21stt Musick-Wukusick cplx, 30 to 60, lo precip","Wukusick",32,"series","well",60,7,"e",NA,7,"e",NA,"mountain slope",200,TRUE,38.8717948717949,14,20,"1d",5,"e","NA"
"5","6038","MLRA 22A - 21stt Musick-Wukusick cplx, 30 to 60, lo precip","Musick",65,"series","well",60,7,"e",NA,7,"e",NA,"mountain slope",160,TRUE,18.0340909090909,15,20,"2a",5,"e","NA"
"223","6039","MLRA 22A - 2pbgf Holland-Wukusick-Mantree cplx, 30 to 60","Mantree",16,"series","well",60,7,"e",NA,7,"e",NA,"mountain slope",175,TRUE,16.453164378299,14,19,"2a",5,"e","NA"
"81","6039","MLRA 22A - 2pbgf Holland-Wukusick-Mantree cplx, 30 to 60","Wukusick",20,"series","well",60,7,"e",NA,7,"e",NA,"mountain slope",200,TRUE,28.4810126582278,14,20,"2a",5,"e","NA"
"82","6039","MLRA 22A - 2pbgf Holland-Wukusick-Mantree cplx, 30 to 60","Holland",60,"series","well",60,7,"e",NA,7,"e",NA,"mountain slope",178,TRUE,24.0540540540541,14,20,"2a",5,"e","NA"
"407","6041","CA6306041","Holland",10,"series","well",15,3,"e","1",3,"e","1","mountain slope",126,TRUE,31.2823529411765,7,20,"2a",3,"e","8"
"405","6041","CA6306041","Musick",10,"series","well",15,3,"e","1",3,"e","1","mountain slope",200,TRUE,22.8404255319149,15,20,"1d",3,"e","1"
"403","6041","CA6306041","Redapple",10,"series","well",15,3,"e","5",3,"e","5","mountain slope",200,TRUE,44.1151509140477,15,27,"2a",3,"e","3"
"423","6041","CA6306041","Mantree",70,"series","well",15,3,"e","1",3,"e","1","mountain slope",175,TRUE,16.453164378299,14,19,"2a",3,"e","1"
"408","6043","CA6306043","Holland",10,"series","well",30,4,"e","1",4,"e","1","mountain slope",126,TRUE,31.2823529411765,7,20,"2a",4,"e","8"
"406","6043","CA6306043","Musick",10,"series","well",30,4,"e","1",4,"e","1","mountain slope",185,TRUE,24.2222222222222,15,20,"1d",4,"e","1"
"404","6043","CA6306043","Redapple",10,"series","well",30,4,"e","5",4,"e","5","mountain slope",200,TRUE,44.1151509140477,15,27,"2a",4,"e","3"
"424","6043","CA6306043","Mantree",70,"series","well",30,4,"e","1",4,"e","1","mountain slope",175,TRUE,16.453164378299,14,19,"2a",4,"e","1"
"208","6054","CA6306054","Chawanakee",28,"series","somewhat excessively",30,7,"e",NA,7,"e",NA,"hill",36,FALSE,10.6111111111111,14,17,"4a",4,"e","NA"
"206","6054","CA6306054","Holland",30,"series","well",30,4,"e","1",4,"e","1","hill",126,TRUE,31.2823529411765,7,20,"2a",4,"e","8"
"207","6054","CA6306054","Shaver",40,"series","well",30,4,"e","1",4,"e","1","hill",111,FALSE,6.97979797979798,2,15,"2a",4,"e","8"
"209","6055","CA6306055","Holland",20,"series","well",60,7,"e",NA,7,"e",NA,"hill",126,TRUE,31.2823529411765,7,20,"2a",5,"e","NA"
"211","6055","CA6306055","Lithic Humixerepts",35,"family","somewhat excessively",60,8,"e",NA,8,"e",NA,"hill",18,FALSE,5,35,18,"4b",5,"NA","NA"
"210","6055","CA6306055","Shaver",40,"series","well",60,7,"e",NA,7,"e",NA,"hill",117,FALSE,13.9285714285714,3,18,"2a",5,"e","NA"
"243","6070","CA6306070","Aqualfs",2,"taxon above family","poorly",8,5,"w",NA,5,"w",NA,"hill",95,TRUE,21.5542168674699,8,19,"3a",2,"w","NA"
"205","6070","CA6306070","Hurleton",5,"series","well",8,4,"s","7",4,"s","7","hill",80,TRUE,30.225,48,23,"6",2,"s","8"
"13","6070","CA6306070","Aquic Haploxeralfs",15,"family","somewhat poorly",8,5,"e",NA,5,"e",NA,"hill",109,TRUE,27.51,8,19,"2b",2,"e","NA"
"49","6070","CA6306070","Verjeles",36,"series","moderately well",8,5,"e",NA,5,"e",NA,"hill",73,TRUE,26.0655737704918,12,18,"2a",2,"e","NA"
"50","6070","CA6306070","Sierra",40,"series","well",8,3,"e","1",2,"e","1","hill",150,TRUE,29.5038759689922,8,17,"1d",2,"e","1"
"52","6071","MLRA 18 - 2myb3 Sierra-Flanly cplx, 3 to 15","Hurleton",10,"series","well",15,3,"s","7",3,"s","7","hill",80,FALSE,27.8714285714286,58,24,"6",3,"s","8"
"51","6071","MLRA 18 - 2myb3 Sierra-Flanly cplx, 3 to 15","Flanly",40,"series","well",15,3,"e","1",3,"e","1","hill",84,FALSE,20.4880952380952,23,20,"2a",3,"e","8"
"48","6071","MLRA 18 - 2myb3 Sierra-Flanly cplx, 3 to 15","Sierra",46,"series","well",15,3,"e","1",3,"e","1","hill",155,TRUE,32.0592592592593,12,22,"2a",3,"e","1"
"270","6072","MLRA 18 - 2x4c8 Flanly-Verjeles cplx, 0 to 8","Auberry",10,"series","well",8,3,"e","1",3,"e","1","low hill",112,TRUE,24.1076923076923,10,20,"2a",2,"e","8"
"269","6072","MLRA 18 - 2x4c8 Flanly-Verjeles cplx, 0 to 8","Verjeles",15,"series","moderately well",8,5,"e",NA,5,"e",NA,"low hill",90,TRUE,28.8666666666667,5,20,"2a",2,"e","NA"
"190","6072","MLRA 18 - 2x4c8 Flanly-Verjeles cplx, 0 to 8","Flanly",74,"series","well",8,3,"e","1",3,"e","1","low hill",65,TRUE,24.7692307692308,5,20,"2a",2,"e","8"
"204","6074","MLRA 18 - 2lk4x Sierra-Orose cplx, 8 to 30","Aqualfs",3,"taxon above family","poorly",8,5,"w",NA,5,"w",NA,"drainageway",95,TRUE,20.1368421052632,0,20,"3a",2,"w","NA"
"37","6074","MLRA 18 - 2lk4x Sierra-Orose cplx, 8 to 30","Hurleton",8,"series","well",30,4,"e","7",4,"e","7","hill",80,TRUE,28.3913043478261,56,23,"6",4,"s","8"
"120","6074","MLRA 18 - 2lk4x Sierra-Orose cplx, 8 to 30","Orose",15,"series","somewhat excessively",30,6,"e",NA,6,"e",NA,"hill",38,TRUE,22.4736842105263,22,20,"4a",4,"e","NA"
"14","6074","MLRA 18 - 2lk4x Sierra-Orose cplx, 8 to 30","Sierra",70,"series","well",30,4,"e","1",4,"e","1","hill",201,TRUE,24.2857142857143,13,20,"1d",4,"e","1"
"15","6075","MLRA 18 - 2lk4y Sierra-Flanly cplx, 30 to 60","Orose",5,"series","somewhat excessively",60,7,"e",NA,7,"e",NA,"hill",49,TRUE,22.734693877551,15,20,"4a",5,"e","NA"
"54","6075","MLRA 18 - 2lk4y Sierra-Flanly cplx, 30 to 60","Hurleton",10,"series","well",60,7,"e",NA,7,"e",NA,"hill",87,TRUE,25.5287356321839,55,23,"6",5,"e","NA"
"53","6075","MLRA 18 - 2lk4y Sierra-Flanly cplx, 30 to 60","Flanly",30,"series","well",60,8,NA,NA,8,NA,NA,"hill",84,TRUE,27,13,27,"2a",5,"NA","NA"
"16","6075","MLRA 18 - 2lk4y Sierra-Flanly cplx, 30 to 60","Sierra",50,"series","well",60,7,"e",NA,7,"e",NA,"hill",114,TRUE,21.7659574468085,11,16,"2a",5,"e","NA"
"55","6076","MLRA 18 - 2lk4z Auberry-Hurleton-Rock outcrop cplx, 20 to 60","Hurleton",30,"series","well",60,7,"e",NA,7,"e",NA,"canyon",80,TRUE,24.925,59,20,"6",5,"e","NA"
"20","6076","MLRA 18 - 2lk4z Auberry-Hurleton-Rock outcrop cplx, 20 to 60","Auberry",45,"series","well",60,7,"e",NA,7,"e",NA,"canyon",143,TRUE,27.5774647887324,23,17,"2a",5,"e","NA"
"189","6078","CA6306078","Orose",2,"series","somewhat excessively",65,7,"e",NA,7,"e",NA,"hill",43,TRUE,17.0232558139535,15,20,"4a",5,"e","NA"
"188","6078","CA6306078","Wukusick",5,"taxadjunct","well",65,7,"e",NA,7,"e",NA,"hill",180,TRUE,40.0285714285714,14,35,"2a",5,"e","NA"
"187","6078","CA6306078","Ultic Palexeralfs",8,"family","well",65,7,"e",NA,7,"e",NA,"hill",152,TRUE,39.9210526315789,15,27,"2a",5,"e","NA"
"186","6078","CA6306078","Flanly",30,"series","well",65,7,"e",NA,7,"e",NA,"hill",81,TRUE,25.4855262354801,20,25,"2a",5,"e","NA"
"185","6078","CA6306078","Sierra",55,"series","well",65,7,"e",NA,7,"e",NA,"hill",152,TRUE,16.7961037623418,14,20,"1d",5,"e","NA"
"271","6079","MLRA 18 - 2x4c9 Flanly L, 8 to 30","Auberry",10,"series","well",30,4,"e","1",4,"e","1","low hill",109,TRUE,22.5072463768116,10,20,"2a",4,"e","8"
"268","6079","MLRA 18 - 2x4c9 Flanly L, 8 to 30","Flanly",85,"series","well",30,6,"e",NA,6,"e",NA,"low hill",81,TRUE,19.8271604938272,5,20,"2a",4,"e","NA"
"222","6202","MLRA 22A - 2lp97 Musick-Ultic Haploxeralfs, MWD, cplx, 1 to 8","Aquepts",6,"taxon above family","poorly",3,5,"w",NA,5,"w",NA,"drainageway & depression",73,FALSE,15.2857142857143,0,18,"3b",2,"w","NA"
"221","6202","MLRA 22A - 2lp97 Musick-Ultic Haploxeralfs, MWD, cplx, 1 to 8","Ultic Haploxeralfs",30,"family","moderately well",8,3,"e","1",3,"e","1","hill",90,TRUE,25.7540983606557,20,20,"2a",2,"e","8"
"220","6202","MLRA 22A - 2lp97 Musick-Ultic Haploxeralfs, MWD, cplx, 1 to 8","Musick",60,"series","well",8,3,"e","1",3,"e","1","hill",170,TRUE,34.5811965811966,20,22,"2a",2,"e","7"
"218","6205","CA6306205","Lithic Dystroxerepts",3,"family","somewhat excessively",8,6,"e",NA,6,"e",NA,"hill",39,FALSE,18,10,14,"4a",2,"e","NA"
"430","6205","CA6306205","Wukusick",5,"series","well",8,3,"e","3",2,"e","3","mountain slope",200,TRUE,38.8717948717949,14,20,"1d",2,"e","5"
"219","6205","CA6306205","Musick",88,"series","well",8,3,"e","1",3,"e","1","hill",165,TRUE,29.4466019417476,5,18,"2a",2,"e","1"
"217","6206","MLRA 22A - 2lk52 Musick-Hotaw cplx, 8 to 30","Aqualfs",2,"taxon above family","poorly",8,5,"w",NA,5,"w",NA,"drainageway",95,TRUE,20.1368421052632,0,20,"3a",2,"w","NA"
"432","6206","MLRA 22A - 2lk52 Musick-Hotaw cplx, 8 to 30","Wukusick",5,"series","well",30,4,"e","3",4,"e","3","mountain slope",200,TRUE,38.8717948717949,14,20,"1d",4,"e","5"
"213","6206","MLRA 22A - 2lk52 Musick-Hotaw cplx, 8 to 30","Hotaw",25,"series","well",30,4,"e","1",4,"e","1","hill",56,TRUE,19.6428571428571,35,17,"2a",4,"e","8"
"212","6206","MLRA 22A - 2lk52 Musick-Hotaw cplx, 8 to 30","Musick",64,"series","well",30,6,"e",NA,6,"e",NA,"hill",150,TRUE,28.4833333333333,14,19,"2a",4,"e","NA"
"431","6207","CA6306207","Wukusick",5,"series","well",60,7,"e",NA,7,"e",NA,"mountain slope",200,TRUE,38.8717948717949,14,20,"1d",5,"e","NA"
"216","6207","CA6306207","Chawanakee",15,"series","somewhat excessively",60,7,"e",NA,7,"e",NA,"hill",27,FALSE,12.3333333333333,20,12,"4a",5,"e","NA"
"215","6207","CA6306207","Hotaw",20,"series","well",60,7,"e",NA,7,"e",NA,"hill",94,TRUE,27.8409090909091,15,18,"2a",5,"e","NA"
"214","6207","CA6306207","Musick",55,"series","well",60,7,"e",NA,7,"e",NA,"hill",205,TRUE,33.4821428571429,15,23,"2a",5,"e","NA"
"169","7074","MLRA 18 - 2x296 Loafercreek-Bonanza cplx, 3 to 15","Gopheridge",10,"series","well",15,4,"e","1",4,"e","1","hill",66,TRUE,28.3606557377049,50,24,"6",3,"s","8"
"163","7074","MLRA 18 - 2x296 Loafercreek-Bonanza cplx, 3 to 15","Bonanza",25,"series","well",15,4,"e","1",4,"e","1","hill",41,TRUE,20.2222222222222,15,22,"4a",3,"e","8"
"162","7074","MLRA 18 - 2x296 Loafercreek-Bonanza cplx, 3 to 15","Loafercreek",58,"series","well",15,4,"e","1",4,"e","1","hill",60,TRUE,28.375,15,27,"2a",3,"e","8"
"326","7076","MLRA 18 - 2x294 Bonanza-Loafercreek-Gopheridge cplx, 15 to 30","Auburn",3,"series","well",30,7,"e",NA,7,"e",NA,"hill",34,FALSE,15.5882352941176,15,20,"4a",4,"e","NA"
"161","7076","MLRA 18 - 2x294 Bonanza-Loafercreek-Gopheridge cplx, 15 to 30","Motherlode",5,"series","well",30,4,"e","1",4,"e","1","hill",125,TRUE,25.3673469387755,10,22,"2a",4,"e","8"
"159","7076","MLRA 18 - 2x294 Bonanza-Loafercreek-Gopheridge cplx, 15 to 30","Gopheridge",20,"series","well",30,6,"e",NA,6,"e",NA,"hill",81,TRUE,34.6281695298746,10,20,"2a",4,"e","NA"
"160","7076","MLRA 18 - 2x294 Bonanza-Loafercreek-Gopheridge cplx, 15 to 30","Loafercreek",31,"series","well",30,4,"e","1",4,"e","1","hill",65,TRUE,23.2923076923077,10,25,"2a",4,"e","8"
"158","7076","MLRA 18 - 2x294 Bonanza-Loafercreek-Gopheridge cplx, 15 to 30","Bonanza",40,"series","well",30,4,"e","1",4,"e","1","hill",45,TRUE,19.7333333333333,10,22,"4a",4,"e","8"
"168","7078","MLRA 18 - 2x295 Jasperpeak-Gopheridge cplx, 30 to 60","Gardellones",5,"series","well",60,7,"e",NA,7,"e",NA,"hill",117,TRUE,31.3932584269663,15,18,"2a",5,"e","NA"
"166","7078","MLRA 18 - 2x295 Jasperpeak-Gopheridge cplx, 30 to 60","Loafercreek",5,"series","well",60,7,"e",NA,7,"e",NA,"hill",65,TRUE,27.1538461538462,30,20,"2a",5,"e","NA"
"167","7078","MLRA 18 - 2x295 Jasperpeak-Gopheridge cplx, 30 to 60","Motherlode",10,"series","well",60,8,NA,NA,8,NA,NA,"hill",112,TRUE,27.7605633802817,10,20,"2a",5,"NA","NA"
"164","7078","MLRA 18 - 2x295 Jasperpeak-Gopheridge cplx, 30 to 60","Gopheridge",25,"series","well",60,8,NA,NA,8,NA,NA,"hill",86,TRUE,34.4938271604938,15,22,"2a",5,"NA","NA"
"165","7078","MLRA 18 - 2x295 Jasperpeak-Gopheridge cplx, 30 to 60","Jasperpeak",49,"series","well",60,7,"e",NA,7,"e",NA,"hill",26,TRUE,18.3076923076923,10,20,"4a",5,"e","NA"
"324","7079","MLRA 18 - 2x293 Gopheridge-Loafercreek cplx, 30 to 60","Jasperpeak",5,"series","well",60,7,"e",NA,7,"e",NA,"hill",26,TRUE,18.3076923076923,10,20,"4a",5,"e","NA"
"325","7079","MLRA 18 - 2x293 Gopheridge-Loafercreek cplx, 30 to 60","Motherlode",10,"series","well",60,7,"e",NA,7,"e",NA,"hill",142,TRUE,26.015625,10,20,"2a",5,"e","NA"
"193","7079","MLRA 18 - 2x293 Gopheridge-Loafercreek cplx, 30 to 60","Loafercreek",25,"series","well",60,8,NA,NA,8,NA,NA,"hill",74,TRUE,24.6060606060606,10,18,"2a",5,"NA","NA"
"194","7079","MLRA 18 - 2x293 Gopheridge-Loafercreek cplx, 30 to 60","Gopheridge",58,"series","well",60,7,"e",NA,7,"e",NA,"hill",76,TRUE,28.2941176470588,60,20,"6",5,"e","NA"
"100","7083","MLRA 18 - 2n89h Aquic Haploxeralfs-Loafercreek-Dunstone cplx, 1 to 12","Dunstone",20,"series","well",12,6,"e",NA,6,"e",NA,"hill",30,TRUE,17.2,20,20,"4a",3,"e","NA"
"171","7083","MLRA 18 - 2n89h Aquic Haploxeralfs-Loafercreek-Dunstone cplx, 1 to 12","Loafercreek",34,"series","well",12,3,"e","1",3,"e","1","hill",60,FALSE,29.9807692307692,15,25,"2a",3,"e","8"
"170","7083","MLRA 18 - 2n89h Aquic Haploxeralfs-Loafercreek-Dunstone cplx, 1 to 12","Aquic Haploxeralfs",45,"family","moderately well",8,5,"e",NA,5,"w",NA,"depression & drainageway",71,TRUE,37.0535714285714,15,27,"2a",2,"e","NA"
"327","7085","MLRA 18 - 2mywp Bonanza-Loafercreek cplx, 3 to 15","Auburn",5,"series","well",15,6,"e",NA,6,"e",NA,"hill",33,FALSE,22.8484848484848,15,20,"4a",3,"e","NA"
"172","7085","MLRA 18 - 2mywp Bonanza-Loafercreek cplx, 3 to 15","Gopheridge",5,"series","well",15,4,"e","1",4,"e","1","hill",65,TRUE,33.0615384615385,35,20,"2a",3,"e","8"
"56","7085","MLRA 18 - 2mywp Bonanza-Loafercreek cplx, 3 to 15","Loafercreek",32,"series","well",15,3,"e","1",3,"e","1","hill",66,TRUE,31.9393939393939,5,22,"2a",3,"e","8"
"57","7085","MLRA 18 - 2mywp Bonanza-Loafercreek cplx, 3 to 15","Bonanza",54,"series","well",15,7,"e",NA,7,"e",NA,"hill",38,TRUE,24.6052631578947,15,25,"4a",3,"e","NA"
"128","7086","MLRA 18 - 2mx8f Loafercreek-Gopheridge cplx, 15 to 30","Motherlode",10,"series","well",30,4,"e","1",4,"e","1","hill",125,TRUE,25.3673469387755,10,22,"2a",4,"e","8"
"126","7086","MLRA 18 - 2mx8f Loafercreek-Gopheridge cplx, 15 to 30","Bonanza",13,"series","well",30,4,"e","1",4,"e","1","hill",38,TRUE,22.4210526315789,15,22,"4a",4,"e","8"
"45","7086","MLRA 18 - 2mx8f Loafercreek-Gopheridge cplx, 15 to 30","Gopheridge",25,"series","well",30,4,"e","1",4,"e",NA,"hill",60,FALSE,23.5,15,25,"2a",4,"e","8"
"46","7086","MLRA 18 - 2mx8f Loafercreek-Gopheridge cplx, 15 to 30","Loafercreek",50,"series","well",30,6,"e",NA,6,"e",NA,"hill",52,TRUE,21.4615384615385,10,24,"2a",4,"e","NA"
"192","7087","MLRA 18 - 2mx8h Loafercreek-Gopheridge cplx, cool, 15 to 30","Jasperpeak",9,"taxadjunct","well",30,4,"e",NA,4,"e",NA,"hill",49,TRUE,21.9387755102041,15,20,"4a",4,"e","8"
"127","7087","MLRA 18 - 2mx8h Loafercreek-Gopheridge cplx, cool, 15 to 30","Gopheridge",20,"series","well",30,6,"e",NA,6,"e",NA,"hill",86,TRUE,32.1842105263158,25,22,"2a",4,"e","NA"
"47","7087","MLRA 18 - 2mx8h Loafercreek-Gopheridge cplx, cool, 15 to 30","Loafercreek",70,"series","well",30,4,"e",NA,4,"e",NA,"hill",60,TRUE,25.3859649122807,10,20,"2a",4,"e","8"
"147","7088","MLRA 18 - 20mn5 Loafercreek-Gopheridge cplx, 30 to 60","Gardellones",5,"series","well",60,7,"e",NA,7,"e",NA,"hill",114,TRUE,21.6438356164384,10,19,"2a",5,"e","NA"
"134","7088","MLRA 18 - 20mn5 Loafercreek-Gopheridge cplx, 30 to 60","Jasperpeak",5,"series","well",60,7,"e",NA,7,"e",NA,"hill",29,TRUE,18.5862068965517,15,20,"4a",5,"e","NA"
"68","7088","MLRA 18 - 20mn5 Loafercreek-Gopheridge cplx, 30 to 60","Motherlode",10,"series","well",60,8,NA,NA,8,NA,NA,"hill",112,TRUE,27.7605633802817,10,20,"2a",5,"NA","NA"
"74","7088","MLRA 18 - 20mn5 Loafercreek-Gopheridge cplx, 30 to 60","Gopheridge",24,"series","well",60,7,"e",NA,7,"e",NA,"hill",66,TRUE,22.1311475409836,50,22,"6",5,"e","NA"
"67","7088","MLRA 18 - 20mn5 Loafercreek-Gopheridge cplx, 30 to 60","Loafercreek",50,"series","well",60,7,"e",NA,7,"e",NA,"hill",57,TRUE,24.3333333333333,10,20,"2a",5,"e","NA"
"135","7089","MLRA 18 - 2n89g Gardellones-Gopheridge-Motherlode cplx, 30 to 60","Gopheridge",15,"series","well",60,8,NA,NA,8,NA,NA,"hill",59,TRUE,22.5961538461538,10,22,"2a",5,"NA","NA"
"322","7089","MLRA 18 - 2n89g Gardellones-Gopheridge-Motherlode cplx, 30 to 60","Motherlode",15,"series","well",60,7,"e",NA,7,"e",NA,"hill",142,TRUE,26.015625,10,20,"2a",5,"e","NA"
"69","7089","MLRA 18 - 2n89g Gardellones-Gopheridge-Motherlode cplx, 30 to 60","Gardellones",68,"series","well",60,7,"e",NA,7,"e",NA,"hill",117,TRUE,31.3932584269663,15,18,"2a",5,"e","NA"
"34","7096","MLRA 18 - 2mfyn Gopheridge-Loafercreek cplx, 50 to 90","Jasperpeak",10,"taxadjunct","well",90,8,NA,NA,8,NA,NA,"hill",46,FALSE,20,35,22,"4a",5,"NA","NA"
"35","7096","MLRA 18 - 2mfyn Gopheridge-Loafercreek cplx, 50 to 90","Loafercreek",15,"series","well",90,8,NA,NA,8,NA,NA,"hill",51,TRUE,26.3265306122449,10,18,"2a",5,"NA","NA"
"33","7096","MLRA 18 - 2mfyn Gopheridge-Loafercreek cplx, 50 to 90","Gopheridge",70,"series","well",90,8,NA,NA,8,NA,NA,"hill",91,TRUE,27.2173913043478,45,16,"6",5,"NA","NA"
"323","7155","CA6307155","Fancher",10,"series","well",15,4,"e","3",4,"e","3","hill",62,TRUE,34.9516129032258,15,25,"2a",3,"e","9"
"2","7155","CA6307155","Sixbit",35,"taxadjunct","well",15,7,"e",NA,7,"e",NA,"hill",26,TRUE,21.3846153846154,35,25,"4a",3,"e","NA"
"23","7155","CA6307155","Crimeahouse",52,"series","well",15,4,"e","9",4,"e","9","hill",82,TRUE,30.4878048780488,55,25,"6",3,"s","9"
"143","7156","MLRA 18 - 20mn7 Crimeahouse-Sixbit cplx, 15 to 30","Sixbit",35,"series","well",30,8,NA,NA,8,NA,NA,"hill",30,TRUE,30.2,20,18,"4a",4,"NA","NA"
"142","7156","MLRA 18 - 20mn7 Crimeahouse-Sixbit cplx, 15 to 30","Crimeahouse",59,"series","well",30,7,"e",NA,7,"e",NA,"hill",51,TRUE,26.1372549019608,30,25,"2a",4,"e","NA"
"145","7159","MLRA 18 - 21zq2 Crimeahouse-Sixbit cplx, 30 to 70","Sixbit",45,"series","well",70,7,"e",NA,7,"e",NA,"hill",48,TRUE,24.1944444444444,35,25,"4a",5,"e","NA"
"144","7159","MLRA 18 - 21zq2 Crimeahouse-Sixbit cplx, 30 to 70","Crimeahouse",50,"series","well",70,7,"e",NA,7,"e",NA,"hill",66,TRUE,24.1860465116279,75,22,"6",5,"e","NA"
"140","7165","CA6307165","Crimeahouse",30,"taxadjunct","well",20,4,"e","1",4,"e","1","hill",61,TRUE,32.7037037037037,35,25,"2a",4,"e","8"
"141","7165","CA6307165","Sixbit",65,"taxadjunct","well",20,7,"e",NA,7,"e",NA,"hill",30,TRUE,20.4333333333333,40,18,"6",4,"s","NA"
"138","7166","CA6307166","Crimeahouse",3,"taxadjunct","well",45,6,"e",NA,6,"e",NA,"hill",80,TRUE,31.250908314098,35,27,"2a",4,"e","NA"
"139","7166","CA6307166","Sixbit",85,"taxadjunct","well",45,6,"e",NA,6,"e",NA,"hill",37,TRUE,25.6060606060606,45,18,"6",4,"s","NA"
"36","7207","CA6307207","Hetchy",15,"series","well",60,7,"e",NA,7,"e",NA,"hill",54,TRUE,22.0833333333333,15,25,"2a",5,"e","NA"
"196","7207","CA6307207","Copperopolis",25,"series","somewhat excessively",60,7,"e",NA,7,"e",NA,"hill",45,FALSE,18,15,20,"4a",5,"e","NA"
"148","7207","CA6307207","Millvilla",60,"series","well",60,7,"e",NA,7,"e",NA,"hill",63,FALSE,25.4285714285714,25,20,"2a",5,"e","NA"
"93","7210","CA6307210","Aquultic Haploxeralfs",5,"family","poorly",8,5,"w",NA,5,"w",NA,"drainageway",70,TRUE,27.5428571428571,10,20,"3a",2,"w","NA"
"88","7210","CA6307210","Hetchy",5,"series","well",15,4,"e","4",4,"e","4","hill",61,TRUE,19.983606557377,20,20,"2a",3,"e","8"
"89","7210","CA6307210","Millvilla",40,"series","well",15,3,"e","1",3,"e","1","hill",54,TRUE,22.7647058823529,15,20,"2a",3,"e","8"
"197","7210","CA6307210","Deerflat",50,"series","well",15,4,"e","1",4,"e","1","hill",180,TRUE,21.9486484785338,15,20,"2a",3,"e","3"
"90","7211","MLRA 18 - 2r6fk Millvilla-Luckymine cplx, 15 to 30","Hetchy",10,"series","well",30,6,"e",NA,6,"e",NA,"hill",70,TRUE,19.3428571428571,15,20,"2a",4,"e","NA"
"92","7211","MLRA 18 - 2r6fk Millvilla-Luckymine cplx, 15 to 30","Wardsferry",10,"series","well",30,6,"e",NA,6,"e",NA,"hill",114,TRUE,22.8452380952381,15,20,"2a",4,"e","NA"
"91","7211","MLRA 18 - 2r6fk Millvilla-Luckymine cplx, 15 to 30","Luckymine",15,"series","well",30,7,"e",NA,7,"e",NA,"hill",35,FALSE,17.8857142857143,15,20,"4a",4,"e","NA"
"123","7211","MLRA 18 - 2r6fk Millvilla-Luckymine cplx, 15 to 30","Millvilla",64,"series","well",30,4,"e","3",4,"e","3","hill",66,TRUE,22.9365079365079,15,20,"2a",4,"e","8"
"86","7212","CA6307212","Luckymine",5,"series","well",60,7,"e",NA,7,"e",NA,"hill",50,TRUE,23.5333333333333,15,20,"4a",5,"e","NA"
"85","7212","CA6307212","Sanguinetti",5,"taxadjunct","well",60,7,"e",NA,7,"e",NA,"hill",112,TRUE,23.1971830985915,15,20,"2a",5,"e","NA"
"124","7212","CA6307212","Millvilla",40,"series","well",60,7,"e",NA,7,"e",NA,"hill",76,TRUE,22.9736842105263,15,20,"2a",5,"e","NA"
"87","7212","CA6307212","Wardsferry",50,"series","well",60,7,"e",NA,7,"e",NA,"hill",122,TRUE,28.6896551724138,15,25,"2a",5,"e","NA"
"114","8026","CA6308026","Donpedro",10,"series","well",60,7,"e",NA,7,"e",NA,"low hill",61,TRUE,18.8852459016393,15,20,"2a",5,"e","NA"
"113","8026","CA6308026","Copperopolis",40,"series","well",60,7,"e",NA,7,"e",NA,"low hill",36,FALSE,17.5555555555556,25,20,"4a",5,"e","NA"
"112","8026","CA6308026","Moccasinhill",45,"series","well",60,7,"e",NA,7,"e",NA,"low hill",68,FALSE,22.2372881355932,15,22,"2a",5,"e","NA"
"38","8033","MLRA 18 - 20mn8 Copperopolis-Whiterock cplx, 2 to 8, rocky","Aquic Haploxeralfs",5,"family","poorly",8,5,"w",NA,5,"w",NA,"depression",82,TRUE,29.6470588235294,10,25,"3a",2,"w","NA"
"3","8033","MLRA 18 - 20mn8 Copperopolis-Whiterock cplx, 2 to 8, rocky","Whiterock",25,"series","somewhat excessively",8,7,"e",NA,7,"e",NA,"low hill",20,FALSE,16.75,10,25,"4b",2,"s","NA"
"115","8033","MLRA 18 - 20mn8 Copperopolis-Whiterock cplx, 2 to 8, rocky","Copperopolis",58,"series","well",8,7,"e",NA,7,"e",NA,"low hill",36,FALSE,17.5555555555556,25,20,"4a",2,"e","NA"
"149","8034","MLRA 18 - 20mn9 Copperopolis-Whiterock cplx, 3 to 15, rocky","Moccasinhill",5,"series","well",15,4,"e","8",4,"e","8","low hill",68,FALSE,22.2372881355932,15,22,"2a",3,"e","8"
"118","8034","MLRA 18 - 20mn9 Copperopolis-Whiterock cplx, 3 to 15, rocky","Donpedro",10,"series","well",15,3,"e","8",3,"e","8","low hill",61,TRUE,18.8852459016393,15,20,"2a",3,"e","8"
"117","8034","MLRA 18 - 20mn9 Copperopolis-Whiterock cplx, 3 to 15, rocky","Whiterock",25,"series","somewhat excessively",15,7,"e",NA,7,"e",NA,"low hill",20,FALSE,16.75,10,25,"4b",3,"s","NA"
"116","8034","MLRA 18 - 20mn9 Copperopolis-Whiterock cplx, 3 to 15, rocky","Copperopolis",50,"series","well",15,7,"e",NA,7,"e",NA,"low hill",36,FALSE,17.5555555555556,25,20,"4a",3,"e","NA"
"22","8036","CA6308036","Donpedro",10,"series","well",30,4,"e","8",4,"e","8","low hill",61,TRUE,18.8852459016393,15,20,"2a",4,"e","8"
"4","8036","CA6308036","Whiterock",25,"series","somewhat excessively",30,7,"e",NA,7,"e",NA,"low hill",20,FALSE,16.75,10,25,"4b",4,"s","NA"
"7","8036","CA6308036","Copperopolis",59,"series","well",30,7,"e",NA,7,"e",NA,"low hill",36,FALSE,17.5555555555556,25,20,"4a",4,"e","NA"
"378","8110","MLRA 22A - 2lk58 Cumulic Humixerepts-Riverwash cplx, 0 to 8","Fluventic Haploxerepts",2,"family","moderately well",8,3,"e","11",3,"e","11","flood-plain step",150,FALSE,5.62068965517241,15,20,"7",2,"w","4"
"376","8110","MLRA 22A - 2lk58 Cumulic Humixerepts-Riverwash cplx, 0 to 8","Anthraltic Xerorthents",5,"taxon above family","excessively",15,8,NA,NA,8,NA,NA,"flood-plain step",100,FALSE,2,90,10,"7",3,"NA","NA"
"377","8110","MLRA 22A - 2lk58 Cumulic Humixerepts-Riverwash cplx, 0 to 8","Lithic Xerorthents",5,"family","well",8,8,NA,NA,8,NA,NA,"strath terrace",14,FALSE,6.28571428571429,15,10,"4b",2,"NA","NA"
"379","8110","MLRA 22A - 2lk58 Cumulic Humixerepts-Riverwash cplx, 0 to 8","Typic Fluvaquents",5,"family","poorly",3,5,"w",NA,5,"w",NA,"flood-plain step",150,FALSE,3,15,5,"7",2,"w","NA"
"375","8110","MLRA 22A - 2lk58 Cumulic Humixerepts-Riverwash cplx, 0 to 8","Cumulic Humixerepts",50,"family","well",8,3,"e","4",3,"e","4","flood-plain step",100,FALSE,6.49,15,27,"7",2,"w","4"
"381","8111","MLRA 18 - 2x4d2 Psammentic Haploxerolls-Riverwash-Mollic Fluvaquents cplx, 0 to 8","Ultic Haploxerolls",7,"family","well",8,4,"e","4",4,"e","4","meander scar & flood-plain step",110,FALSE,16.0666666666667,15,20,"7",2,"w","11"
"410","8111","MLRA 18 - 2x4d2 Psammentic Haploxerolls-Riverwash-Mollic Fluvaquents cplx, 0 to 8","Anthraltic Xerorthents",13,"taxon above family","excessively",15,8,NA,NA,8,NA,NA,"stream terrace",100,FALSE,2,90,10,"6",3,"NA","NA"
"411","8111","MLRA 18 - 2x4d2 Psammentic Haploxerolls-Riverwash-Mollic Fluvaquents cplx, 0 to 8","Mollic Fluvaquents",20,"family","poorly",8,7,"e",NA,7,"e",NA,"flood-plain step",37,FALSE,30,30,27,"7",2,"w","NA"
"380","8111","MLRA 18 - 2x4d2 Psammentic Haploxerolls-Riverwash-Mollic Fluvaquents cplx, 0 to 8","Psammentic Haploxerolls",40,"family","well",8,4,"e","11",2,"e","11","flood-plain step",200,FALSE,2.576,15,10,"7",2,"w","11"
"39","8115","MLRA 18 - 2lk5c Sanguinetti-Copperopolis cplx, 30 to 60","Millvilla",5,"series","well",60,7,"e",NA,7,"e",NA,"hill & canyon",77,TRUE,20.2368421052632,25,20,"2a",5,"e","NA"
"62","8115","MLRA 18 - 2lk5c Sanguinetti-Copperopolis cplx, 30 to 60","Copperopolis",38,"series","somewhat excessively",60,7,"e",NA,7,"e",NA,"canyon & hill",38,FALSE,18.8999996185303,35,20,"4a",5,"e","NA"
"21","8115","MLRA 18 - 2lk5c Sanguinetti-Copperopolis cplx, 30 to 60","Sanguinetti",55,"series","well",60,7,"e",NA,7,"e",NA,"canyon & hill",107,FALSE,15,35,20,"2a",5,"e","NA"
"383","8120","CA6308120","Fluventic Endoaquepts",10,"family","poorly",8,5,"w",NA,5,"w",NA,"flood-plain step",165,FALSE,6.26086956521739,15,27,"7",2,"w","NA"
"382","8120","CA6308120","Oxyaquic Xerofluvents",20,"family","moderately well",8,3,"e","4",3,"e","4","stream terrace",150,FALSE,12.2428571428571,15,20,"1d",2,"e","1"
"409","8120","CA6308120","Fluventic Haploxerepts",66,"family","well",8,3,"e","11",3,"e","11","stream terrace",150,FALSE,5.62068965517241,15,20,"1d",2,"e","1"
"150","8160","MLRA 22A - 22783 Nedsgulch-Sites cplx, 3 to 15","Wallyhill",10,"series","well",15,4,"e","8",4,"e","8","mountain slope",64,TRUE,27.8196721311475,30,20,"2a",3,"e","8"
"80","8160","MLRA 22A - 22783 Nedsgulch-Sites cplx, 3 to 15","Sites",25,"series","well",15,4,"e","5",4,"e","5","ridge",200,TRUE,33.8139536214429,15,25,"2a",3,"e","1"
"58","8160","MLRA 22A - 22783 Nedsgulch-Sites cplx, 3 to 15","Nedsgulch",65,"series","well",15,3,"e","1",3,"e","1","mountain slope",200,TRUE,23.7625899280576,15,20,"2a",3,"e","1"
"59","8161","MLRA 22A - 2djdm Nedsgulch-Sites cplx, 15 to 30","Lickinfork",10,"series","well",30,4,"e","7",4,"e","7","mountain slope",152,TRUE,16.7142857142857,55,15,"6",4,"s","7"
"83","8161","MLRA 22A - 2djdm Nedsgulch-Sites cplx, 15 to 30","Wallyhill",10,"series","well",30,4,"e","8",4,"e","8","mountain slope",75,TRUE,21.8514282226562,35,20,"2a",4,"e","8"
"24","8161","MLRA 22A - 2djdm Nedsgulch-Sites cplx, 15 to 30","Sites",20,"series","well",30,4,"e","5",4,"e","5","mountain slope",200,TRUE,35.6415720736043,15,25,"2a",4,"e","5"
"60","8161","MLRA 22A - 2djdm Nedsgulch-Sites cplx, 15 to 30","Nedsgulch",60,"series","well",30,6,"e",NA,6,"e",NA,"mountain slope",200,TRUE,26.9736842105263,15,25,"1d",4,"e","NA"
"79","8162","MLRA 22A - 2n9zl Nedsgulch-Arpatutu cplx, 30 to 60","Sites",5,"series","well",60,7,"e",NA,7,"e",NA,"mountain slope",183,TRUE,45.053163625017,20,25,"2a",5,"e","NA"
"146","8162","MLRA 22A - 2n9zl Nedsgulch-Arpatutu cplx, 30 to 60","Wallyhill",10,"series","well",60,8,NA,NA,8,NA,NA,"mountain slope",79,TRUE,23.4210526315789,0,20,"2a",5,"NA","NA"
"151","8162","MLRA 22A - 2n9zl Nedsgulch-Arpatutu cplx, 30 to 60","Arpatutu",25,"series","well",60,7,"e",NA,7,"e",NA,"mountain slope",65,TRUE,18,30,20,"2a",5,"e","NA"
"76","8162","MLRA 22A - 2n9zl Nedsgulch-Arpatutu cplx, 30 to 60","Nedsgulch",57,"series","well",60,8,NA,NA,8,NA,NA,"mountain slope",168,TRUE,26.8684210526316,15,25,"2a",5,"NA","NA"
"101","8171","MLRA 22A - 2kzsn Nedsgulch-Wallyhill cplx, 3 to 15","Fricot",10,"series","well",15,7,"e",NA,7,"e",NA,"ridge & high hill",47,TRUE,23.6842105263158,15,20,"4a",3,"e","NA"
"61","8171","MLRA 22A - 2kzsn Nedsgulch-Wallyhill cplx, 3 to 15","Wallyhill",25,"series","well",15,4,"e","8",4,"e","8","high hill",60,TRUE,22.8571428571429,15,20,"2a",3,"e","8"
"97","8171","MLRA 22A - 2kzsn Nedsgulch-Wallyhill cplx, 3 to 15","Nedsgulch",65,"series","well",15,3,"e","3",3,"e","3","high hill",185,TRUE,20.3870967434299,35,20,"2a",3,"e","3"
"320","8172","MLRA 22A - 2kzsp Nedsgulch-Wallyhill-Arpatutu cplx, 15 to 30","Fricot",10,"series","well",30,7,"e",NA,7,"e",NA,"ridge & high hill",46,TRUE,23.0263157894737,60,20,"6",4,"s","NA"
"184","8172","MLRA 22A - 2kzsp Nedsgulch-Wallyhill-Arpatutu cplx, 15 to 30","Arpatutu",15,"series","well",30,6,"e",NA,6,"e",NA,"high hill",71,TRUE,26.1408450704225,15,20,"2a",4,"e","NA"
"63","8172","MLRA 22A - 2kzsp Nedsgulch-Wallyhill-Arpatutu cplx, 15 to 30","Wallyhill",25,"series","well",30,4,"e","8",4,"e","8","high hill",78,TRUE,20.5714285714286,15,20,"2a",4,"e","8"
"98","8172","MLRA 22A - 2kzsp Nedsgulch-Wallyhill-Arpatutu cplx, 15 to 30","Nedsgulch",49,"series","well",30,4,"e","3",4,"e","3","high hill",200,TRUE,24.6268656716418,15,20,"1d",4,"e","1"
"102","8173","MLRA 22A - 22782 Nedsgulch-Wallyhill-Arpatutu cplx, 30 to 60","Fricot",10,"series","well",60,7,"e",NA,7,"e",NA,"ridge & high hill",46,TRUE,23.0263157894737,60,20,"6",5,"e","NA"
"195","8173","MLRA 22A - 22782 Nedsgulch-Wallyhill-Arpatutu cplx, 30 to 60","Arpatutu",17,"series","well",60,7,"e",NA,7,"e",NA,"high hill",57,TRUE,16.1428571428571,35,20,"2a",5,"e","NA"
"64","8173","MLRA 22A - 22782 Nedsgulch-Wallyhill-Arpatutu cplx, 30 to 60","Wallyhill",25,"series","well",60,7,"e",NA,7,"e",NA,"high hill",79,TRUE,21.984126984127,35,20,"2a",5,"e","NA"
"99","8173","MLRA 22A - 22782 Nedsgulch-Wallyhill-Arpatutu cplx, 30 to 60","Nedsgulch",45,"series","well",60,7,"e",NA,7,"e",NA,"high hill",178,TRUE,28.1063829787234,35,20,"2a",5,"e","NA"
"125","8175","MLRA 18 - 2mdcl Hetchy-Copperopolis cplx, 8 to 30","Ultic Haploxeralfs",10,"family","well",30,4,"e","1",4,"e","1","ridge",109,TRUE,25.4430379746835,15,25,"2a",4,"e","8"
"26","8175","MLRA 18 - 2mdcl Hetchy-Copperopolis cplx, 8 to 30","Copperopolis",45,"series","somewhat excessively",30,7,"e",NA,7,"e",NA,"ridge",41,FALSE,22.3571428571429,35,20,"4a",4,"e","NA"
"25","8175","MLRA 18 - 2mdcl Hetchy-Copperopolis cplx, 8 to 30","Hetchy",45,"series","well",30,7,"e",NA,7,"e",NA,"ridge",76,TRUE,27.4264705882353,10,25,"2a",4,"e","NA"
"28","8176","MLRA 18 - 2mdcm Sanguinetti-Moccasinhill-Deerflat cplx, 60 to 90, cool","Priestgrade",12,"series","somewhat excessively",90,8,NA,NA,8,NA,NA,"canyon & hill",48,FALSE,23.2,15,25,"4a",5,"NA","NA"
"40","8176","MLRA 18 - 2mdcm Sanguinetti-Moccasinhill-Deerflat cplx, 60 to 90, cool","Deerflat",20,"series","well",90,8,NA,NA,8,NA,NA,"canyon & hill",165,FALSE,27.9230769230769,30,25,"2a",5,"NA","NA"
"27","8176","MLRA 18 - 2mdcm Sanguinetti-Moccasinhill-Deerflat cplx, 60 to 90, cool","Moccasinhill",30,"series","well",90,8,NA,NA,8,NA,NA,"canyon & hill",79,FALSE,25.5507246376812,15,27,"2a",5,"NA","NA"
"29","8176","MLRA 18 - 2mdcm Sanguinetti-Moccasinhill-Deerflat cplx, 60 to 90, cool","Sanguinetti",35,"series","well",90,8,NA,NA,8,NA,NA,"hill & canyon",107,FALSE,26.4942528735632,60,27,"6",5,"NA","NA"
"41","8177","MLRA 18 - 22786 Moccasinhill-Copperopolis-Sanguinetti cplx, 30 to 60","Sanguinetti",20,"series","well",60,7,"e",NA,7,"e",NA,"canyon & hill",115,FALSE,20,15,20,"2a",5,"e","NA"
"9","8177","MLRA 18 - 22786 Moccasinhill-Copperopolis-Sanguinetti cplx, 30 to 60","Copperopolis",30,"series","somewhat excessively",60,7,"e",NA,7,"e",NA,"hill & canyon",46,FALSE,21.5526315789474,35,20,"4a",5,"e","NA"
"8","8177","MLRA 18 - 22786 Moccasinhill-Copperopolis-Sanguinetti cplx, 30 to 60","Moccasinhill",45,"series","well",60,7,"e",NA,7,"e",NA,"canyon & hill",71,FALSE,23,30,20,"2a",5,"e","NA"
"42","8178","MLRA 18 - 22787 Moccasinhill-Copperopolis cplx, 60 to 90","Sanguinetti",5,"series","well",75,7,"e",NA,7,"e",NA,"canyon & hill",106,FALSE,19.2289156626506,35,25,"2a",5,"e","NA"
"65","8178","MLRA 18 - 22787 Moccasinhill-Copperopolis cplx, 60 to 90","Millvilla",10,"taxadjunct","well",90,8,NA,NA,8,NA,NA,"canyon & hill",92,FALSE,26.6493506493506,15,27,"2a",5,"NA","NA"
"11","8178","MLRA 18 - 22787 Moccasinhill-Copperopolis cplx, 60 to 90","Copperopolis",30,"series","somewhat excessively",90,8,NA,NA,8,NA,NA,"hill & canyon",30,FALSE,19.6666666666667,35,20,"4a",5,"NA","NA"
"10","8178","MLRA 18 - 22787 Moccasinhill-Copperopolis cplx, 60 to 90","Moccasinhill",45,"series","well",90,8,NA,NA,8,NA,NA,"canyon & hill",70,FALSE,12,35,20,"2a",5,"NA","NA"
"70","8190","MLRA 22A - 2nf4c Lickinfork-Arpatutu cplx, 40 to 90","Nedsgulch",10,"taxadjunct","well",90,8,NA,NA,8,NA,NA,"canyon & mountain slope",152,TRUE,28.8174603174603,15,20,"2a",5,"NA","NA"
"71","8190","MLRA 22A - 2nf4c Lickinfork-Arpatutu cplx, 40 to 90","Arpatutu",35,"series","well",90,8,NA,NA,8,NA,NA,"mountain slope & canyon",56,TRUE,19.5272727272727,15,20,"2a",5,"NA","NA"
"72","8190","MLRA 22A - 2nf4c Lickinfork-Arpatutu cplx, 40 to 90","Lickinfork",50,"series","well",90,8,NA,NA,8,NA,NA,"canyon & mountain slope",152,TRUE,27.1884057971014,15,20,"2a",5,"NA","NA"
"183","8194","MLRA 22A - 2pc8q Wallyhill-Lickinfork cplx, 40 to 90","Arpatutu",10,"series","well",90,8,NA,NA,8,NA,NA,"mountain slope & canyon",60,TRUE,25.5102040816327,35,20,"2a",5,"NA","NA"
"182","8194","MLRA 22A - 2pc8q Wallyhill-Lickinfork cplx, 40 to 90","Lickinfork",35,"series","well",90,8,NA,NA,8,NA,NA,"canyon & mountain slope",152,TRUE,24.9290780141844,35,20,"2a",5,"NA","NA"
"75","8194","MLRA 22A - 2pc8q Wallyhill-Lickinfork cplx, 40 to 90","Wallyhill",50,"series","well",90,8,NA,NA,8,NA,NA,"canyon & mountain slope",107,TRUE,18.4752475247525,15,25,"2a",5,"NA","NA"
"277","8286","MLRA 22A - 2nf4f Jocal GR-SIL, 8 to 30","Bottlehill",5,"series","well",30,6,"e",NA,6,"e",NA,"mountain slope",61,TRUE,25.843137254902,35,25,"2a",4,"e","NA"
"279","8286","MLRA 22A - 2nf4f Jocal GR-SIL, 8 to 30","Mariposa",10,"series","well",30,4,"e","8",4,"e","8","mountain slope",64,TRUE,27.8196721311475,30,20,"2a",4,"e","8"
"278","8286","MLRA 22A - 2nf4f Jocal GR-SIL, 8 to 30","Jocal",80,"series","well",30,4,"e","1",4,"e","1","mountain slope",165,TRUE,26.695652173913,35,20,"2a",4,"e","3"
"73","8287","MLRA 22A - 2nf4j Jocal-Fiddletown cplx, 30 to 60","Bottlehill",10,"series","well",60,7,"e",NA,7,"e",NA,"mountain slope",61,TRUE,25.843137254902,35,25,"2a",5,"e","NA"
"273","8287","MLRA 22A - 2nf4j Jocal-Fiddletown cplx, 30 to 60","Fiddletown",35,"series","well",60,7,"e",NA,7,"e",NA,"mountain slope",117,FALSE,11.0851063829787,60,20,"6",5,"e","NA"
"272","8287","MLRA 22A - 2nf4j Jocal-Fiddletown cplx, 30 to 60","Jocal",50,"series","well",60,7,"e",NA,7,"e",NA,"mountain slope",200,FALSE,16.0352935791016,15,20,"1d",5,"e","NA"
"275","8289","MLRA 22A - 2nf4h Fiddletown-Rock outcrop cplx, 40 to 90","Jocal",5,"series","well",90,8,NA,NA,8,NA,NA,"mountain slope & canyon",200,FALSE,16.0352935791016,15,20,"1d",5,"NA","NA"
"274","8289","MLRA 22A - 2nf4h Fiddletown-Rock outcrop cplx, 40 to 90","Bottlehill",10,"series","well",90,8,NA,NA,8,NA,NA,"mountain slope & canyon",61,TRUE,25.843137254902,35,25,"2a",5,"NA","NA"
"276","8289","MLRA 22A - 2nf4h Fiddletown-Rock outcrop cplx, 40 to 90","Fiddletown",60,"series","well",90,8,NA,NA,8,NA,NA,"canyon & mountain slope",120,FALSE,11.7777777777778,60,20,"6",5,"NA","NA"
"96","8302","CA6308302","Nedsgulch",40,"series","well",15,4,"e","1",4,"e","1","hill",152,TRUE,25.7407407407407,15,20,"2a",3,"e","1"
"43","8302","CA6308302","Tiger Creek",55,"series","well",15,3,"e","3",3,"e","3","hill",152,TRUE,30.35,10,25,"2a",3,"e","1"
"280","8307","CA6308307","Mercercave",10,"series","well",50,6,"e",NA,6,"e",NA,"hill",140,TRUE,35.5974025974026,35,27,"2a",4,"e","NA"
"95","8307","CA6308307","Nedsgulch",35,"series","well",50,6,"e",NA,6,"e",NA,"hill",152,TRUE,23.4630872483221,30,20,"1d",4,"e","NA"
"44","8307","CA6308307","Tiger Creek",50,"series","well",50,6,"e",NA,6,"e",NA,"hill",200,TRUE,32.5642857142857,15,25,"2a",4,"e","NA"
"94","8312","CA6308312","Vertic Palexerolls",3,"family","well",30,4,"e","5",4,"e","5","hill",200,TRUE,45.0512820512821,15,20,"2a",4,"e","5"
"200","8312","CA6308312","Ultic Haploxeralfs",10,"family","well",30,4,"e","7",4,"e","7","hill",116,TRUE,21.0982142857143,10,20,"2a",4,"e","8"
"17","8312","CA6308312","Millvilla",22,"series","well",30,4,"e","3",4,"e","3","hill",80,TRUE,23.65,15,25,"2a",4,"e","8"
"18","8312","CA6308312","Aquariusmine",65,"series","well",30,4,"e","3",4,"e","3","hill",113,TRUE,25.3734939759036,15,27,"2a",4,"e","8"
"267","8314","CA6308314","Anthraltic Xerorthents",2,"taxon above family","well",30,6,"e",NA,6,"e",NA,"hill",152,FALSE,30.8355263157895,97,35,"6",4,"s","NA"
"266","8314","CA6308314","Vertic Haploxerepts",19,"taxon above family","well",5,3,"e","5",3,"e","5","hill & depression",200,FALSE,34.5714285714286,35,40,"2a",2,"e","7"
"265","8314","CA6308314","Tiger Creek",39,"taxadjunct","well",45,7,"e",NA,7,"e",NA,"hill",152,TRUE,31.4459459459459,15,27,"2a",4,"e","NA"
"198","8317","CA6308317","Millvilla",10,"series","well",15,3,"e","3",3,"e","3","hill",70,TRUE,20.5428571428571,15,20,"2a",3,"e","8"
"199","8317","CA6308317","Mollic Haploxeralfs",10,"family","well",30,4,"e","3",4,"e","3","hill",113,TRUE,32.6363636363636,20,25,"2a",4,"e","8"
"30","8317","CA6308317","Beybek",45,"series","well",30,4,"e","3",4,"e","3","hill",82,FALSE,48.0344821009143,15,40,"2a",4,"e","8"
"201","8318","MLRA 18 - 2mdcj Aquariusmine-Hetchy, deep-Rock outcrop cplx, 30 to 60","Millvilla",10,"series","well",60,8,NA,NA,8,NA,NA,"hill",55,TRUE,22.6909090909091,15,25,"2a",5,"NA","NA"
"32","8318","MLRA 18 - 2mdcj Aquariusmine-Hetchy, deep-Rock outcrop cplx, 30 to 60","Hetchy",25,"series","well",60,7,"e",NA,7,"e",NA,"hill",110,TRUE,19.5092592592593,15,20,"2a",5,"e","NA"
"31","8318","MLRA 18 - 2mdcj Aquariusmine-Hetchy, deep-Rock outcrop cplx, 30 to 60","Aquariusmine",40,"series","well",60,7,"e",NA,7,"e",NA,"hill",115,TRUE,27.378640776699,5,27,"2a",5,"e","NA"
"202","8319","MLRA 18 - 2mdck Mollic Haploxeralfs-Pachic Argixerolls-Rock Outcrop cplx, 50 to 90","Mollic Haploxeralfs",35,"family","well",90,8,NA,NA,8,NA,NA,"canyon",79,TRUE,20.7910447761194,35,25,"2a",5,"NA","NA"
"203","8319","MLRA 18 - 2mdck Mollic Haploxeralfs-Pachic Argixerolls-Rock Outcrop cplx, 50 to 90","Pachic Argixerolls",35,"family","well",90,8,NA,NA,8,NA,NA,"canyon",115,TRUE,26.9710144927536,45,20,"6",5,"NA","NA"
"315","851","MLRA 17 - 2xhkd Mckeonhills C, 5 to 15","Amador",1,"series","well",15,7,"e",NA,7,"e",NA,"low hill",38,FALSE,19,15,20,"4a",3,"e","NA"
"316","851","MLRA 17 - 2xhkd Mckeonhills C, 5 to 15","Pentz",1,"series","well",15,7,"e",NA,7,"e",NA,"low hill",31,FALSE,9.875,15,18,"4a",3,"e","NA"
"314","851","MLRA 17 - 2xhkd Mckeonhills C, 5 to 15","Peters",1,"series","well",8,6,"e",NA,6,"e",NA,"low hill",38,FALSE,50,15,60,"4a",2,"e","NA"
"313","851","MLRA 17 - 2xhkd Mckeonhills C, 5 to 15","Aridic Haploxererts",7,"family","well",8,3,"e","1",3,"e","1","low hill",105,FALSE,50.6049382716049,5,65,"2a",2,"e","8"
"312","851","MLRA 17 - 2xhkd Mckeonhills C, 5 to 15","Mckeonhills",90,"series","well",15,3,"e","1",3,"e","1","low hill",99,FALSE,56,5,65,"2a",3,"e","8"
"319","9010","CA6309010","Ultic Haploxeralfs",7,"taxon above family","well",15,4,"e","3",4,"e","3","hill",117,TRUE,26.6090909090909,65,15,"6",3,"s","8"
"19","9010","CA6309010","Typic Xerorthents",8,"taxon above family","well",60,8,NA,NA,8,NA,NA,"hill",124,FALSE,29,15,27,"2a",5,"NA","NA"
"416","9011","CA6309011","Typic Fluvaquents",2,"family","poorly",3,5,"w",NA,5,"w",NA,"flood plain",150,FALSE,3,15,5,"7",2,"w","NA"
"386","9011","CA6309011","Ultic Haploxeralfs",5,"taxon above family","well",15,4,"e","3",4,"e","3","hill",117,TRUE,26.6090909090909,65,15,"6",3,"s","8"
"385","9011","CA6309011","Flanly",18,"series","well",25,6,"e",NA,6,"e",NA,"hill",84,TRUE,27,13,27,"2a",4,"e","NA"
"384","9011","CA6309011","Sierra",25,"series","well",25,4,"e","1",4,"e","1","hill",150,TRUE,29.5038759689922,8,17,"1d",4,"e","1"
"122","9012","CA6309012","Whiterock",10,"series","somewhat excessively",15,7,"e",NA,7,"e",NA,"hill",20,FALSE,16.75,10,25,"4b",3,"s","NA"
"121","9012","CA6309012","Copperopolis",25,"series","well",15,7,"e",NA,7,"e",NA,"hill",36,FALSE,17.5555555555556,25,20,"4a",3,"e","NA"
"417","9013","CA6309013","Typic Fluvaquents",2,"family","poorly",3,5,"w",NA,5,"w",NA,"flood plain",150,FALSE,3,15,5,"7",2,"w","NA"
"388","9013","CA6309013","Ultic Haploxeralfs",2,"taxon above family","well",15,4,"e","3",4,"e","3","hill",117,TRUE,26.6090909090909,65,15,"6",3,"s","8"
"387","9013","CA6309013","Typic Xerorthents",3,"taxon above family","well",60,8,NA,NA,8,NA,NA,"hill",124,FALSE,29,15,27,"2a",5,"NA","NA"
"390","9013","CA6309013","Deerflat",10,"series","well",15,4,"e","1",4,"e","1","hill",180,TRUE,21.9486484785338,15,20,"2a",3,"e","3"
"389","9013","CA6309013","Millvilla",33,"series","well",25,4,"e","3",4,"e","3","hill",66,TRUE,22.9365079365079,15,20,"2a",4,"e","8"
"418","9014","CA6309014","Fluventic Endoaquepts",2,"family","poorly",8,5,"w",NA,5,"w",NA,"flood plain",165,FALSE,6.26086956521739,15,27,"7",2,"w","NA"
"393","9014","CA6309014","Ultic Haploxeralfs",3,"taxon above family","well",15,4,"e","3",4,"e","3","hill",117,TRUE,26.6090909090909,65,15,"6",3,"s","8"
"392","9014","CA6309014","Hotaw",17,"series","well",30,4,"e","3",4,"e","3","hill",56,TRUE,19.6428571428571,35,17,"2a",4,"e","8"
"391","9014","CA6309014","Musick",28,"series","well",30,6,"e",NA,6,"e",NA,"hill",150,TRUE,28.4833333333333,14,19,"2a",4,"e","NA"
"415","9015","CA6309015","Mollic Fluvaquents",2,"family","poorly",8,7,"e",NA,7,"e",NA,"drainageway & flood plain",37,FALSE,30,30,27,"7",2,"w","NA"
"394","9015","CA6309015","Ultic Haploxeralfs",2,"taxon above family","well",15,4,"e","3",4,"e","3","hill",117,TRUE,26.6090909090909,65,15,"6",3,"s","8"
"414","9015","CA6309015","Dunstone",18,"series","well",15,7,"e",NA,7,"e",NA,"hill",38,TRUE,24.6052631578947,15,25,"4a",3,"e","NA"
"413","9015","CA6309015","Loafercreek",28,"series","well",15,3,"e","1",3,"e","1","hill",66,TRUE,31.9393939393939,5,22,"2a",3,"e","8"
"419","9016","CA6309016","Typic Fluvaquents",2,"family","poorly",3,5,"w",NA,5,"w",NA,"flood plain",150,FALSE,3,15,5,"7",2,"w","NA"
"396","9016","CA6309016","Ultic Haploxeralfs",2,"taxon above family","well",15,4,"e","3",4,"e","3","hill",117,TRUE,26.6090909090909,65,15,"6",3,"s","8"
"399","9016","CA6309016","Fricot",3,"series","well",30,7,"e",NA,7,"e",NA,"ridge & hill",33,TRUE,20.5172413793103,35,20,"4a",4,"e","NA"
"395","9016","CA6309016","Typic Xerorthents",3,"taxon above family","well",60,8,NA,NA,8,NA,NA,"hill",124,FALSE,29,15,27,"2a",5,"NA","NA"
"397","9016","CA6309016","Wallyhill",15,"series","well",30,6,"e",NA,6,"e",NA,"hill",60,TRUE,22.8571428571429,15,20,"2a",4,"e","NA"
"398","9016","CA6309016","Nedsgulch",25,"series","well",30,4,"e","1",4,"e","1","hill",185,TRUE,20.3870967434299,35,20,"2a",4,"e","3"
"420","9017","CA6309017","Mollic Fluvaquents",2,"family","poorly",8,7,"e",NA,7,"e",NA,"drainageway & flood plain",37,FALSE,30,30,27,"7",2,"w","NA"
"321","9017","CA6309017","Hornitos",5,"series","well",25,7,"e",NA,7,"e",NA,"hill",25,FALSE,18,30,25,"4b",4,"s","NA"
"402","9017","CA6309017","Pardee",8,"series","well",15,6,"e",NA,6,"e",NA,"ridge & eroded fan remnant",46,TRUE,16.6260871472566,35,20,"4a",3,"e","NA"
"401","9017","CA6309017","Inks",10,"series","well",15,7,"e",NA,7,"e",NA,"low hill",46,TRUE,24.4782608695652,15,20,"4a",3,"e","NA"
"400","9017","CA6309017","Amador",15,"series","well",15,7,"e",NA,7,"e",NA,"low hill",38,FALSE,19,15,20,"4a",3,"e","NA"
"318","9018","CA6309018","Whiterock",15,"series","somewhat excessively",30,7,"e",NA,7,"e",NA,"hill",20,FALSE,16.75,10,25,"4b",4,"s","NA"
"317","9018","CA6309018","Copperopolis",20,"series","well",30,7,"e",NA,7,"e",NA,"hill",36,FALSE,17.5555555555556,25,20,"4a",4,"e","NA"
