"","peiid","pedon_id","siteiid","site_id","obs_date","utmzone","utmeasting","utmnorthing","x","y","horizdatnm","gpspositionalerror","describer","pedonpurpose","pedontype","pedlabsampnum","labdatadescflag","tsectstopnum","tsectinterval","utransectid","tsectkind","tsectselmeth","elev_field","slope_field","aspect_field","plantassocnm","earthcovkind1","earthcovkind2","erocl","bedrckdepth","bedrckkind","bedrckhardness","hillslopeprof","geomslopeseg","shapeacross","shapedown","slopecomplex","drainagecl","geomposhill","geomposmntn","geomposflats","slope_shape","classdate","classifier","classtype","taxonname","localphase","taxonkind","seriesstatus","taxpartsize","taxorder","taxsuborder","taxgrtgroup","taxsubgrp","soiltaxedition","osdtypelocflag","taxmoistcl","taxtempregime","taxfamother","psctopdepth","pscbotdepth","selection_method","ecositeid","ecositenm","ecositecorrdate","es_classifier","es_selection_method","umbric.epipedon","argillic.horizon","ochric.epipedon","cambic.horizon","lithic.contact","paralithic.contact","mollic.epipedon","paralithic.materials","kandic.horizon","lithologic.discontinuity","andic.soil.properties","densic.contact","abrupt.textural.change","aquic.conditions","duripan","slickensides","redox.depletions.with.chroma.2.or.less","redox.concentrations","reduced.matrix","densic.materials","volcanic.glass","folistic.epipedon","albic.materials","human.transported.material","strongly.contrasting.particle.size.class","secondary.carbonates","anthropic.epipedon","surface_fgravel","surface_gravel","surface_cobbles","surface_stones","surface_boulders","surface_channers","surface_flagstones","surface_paragravel","surface_paracobbles","landform_string","pmkind","pmorigin","in_ca630","musym","x_std","y_std","optional"
"12","207242","S2007CA109005",254459,"06-SMM-007",2006-10-03,10,729321,4204365,-120.389778137207,37.9579467773438,"NAD83",NA,"Sue Malone","laboratory sampling site","taxadjunct to the series","07N0474",1,NA,NA,NA,NA,NA,536,45,120,"Interior Live Oak - Chaparral",NA,NA,NA,99,"siltstone, unspecified","moderately","backslope",NA,"concave","linear","simple","well","side slope",NA,NA,"concave / linear",2015-12-28 00:00:00,"Andrew Paolucci","correlated","Millvilla",NA,"taxadjunct","tentative","coarse-loamy","inceptisols","xerepts","haploxerepts","typic haploxerepts","twelfth edition",0,"xeric","thermic",NA,25,99,"most recent",NA,NA,NA,NA,NA,FALSE,FALSE,TRUE,TRUE,FALSE,TRUE,FALSE,FALSE,FALSE,FALSE,FALSE,FALSE,FALSE,FALSE,FALSE,FALSE,FALSE,FALSE,FALSE,FALSE,FALSE,FALSE,FALSE,FALSE,FALSE,FALSE,FALSE,0,0,0,0,0,0,0,0,0,"hillslope","colluvium & colluvium & residuum & residuum","siltstone, unspecified & argillite",TRUE,"7212",729320.81243676,4204362.91292977,TRUE
"35","249581","S08CA109002",309600,"S2007CA630RJV001",2007-05-31,10,741475,4187889,-120.257095336914,37.8064842224121,"NAD83",NA,"Robert Vobora","laboratory sampling site","taxadjunct to the series","08N0695",1,NA,NA,NA,NA,NA,805,69,135,"Chaparral",NA,NA,NA,80,"phyllite","indurated","backslope",NA,"convex","convex","complex","well","side slope",NA,NA,"convex / convex",2015-12-28 00:00:00,"Andrew Paolucci","correlated","Moccasinhill",NA,"taxadjunct","tentative","loamy-skeletal","inceptisols","xeralfs","haploxeralfs","ultic haploxeralfs","twelfth edition",0,"xeric","thermic",NA,25,80,"most recent",NA,NA,NA,NA,NA,FALSE,TRUE,TRUE,FALSE,TRUE,FALSE,FALSE,FALSE,FALSE,FALSE,FALSE,FALSE,FALSE,FALSE,FALSE,FALSE,FALSE,FALSE,FALSE,FALSE,FALSE,FALSE,FALSE,FALSE,FALSE,FALSE,FALSE,0,0,0,0,0,0,0,0,0,"hillslope","residuum & colluvium","phyllite",TRUE,"8178",741474.281619275,4187889.05722018,TRUE
"45","252818","S2007CA109006",254457,"07-SMM-007",2007-04-26,10,728104,4204707,-120.403511047363,37.9613494873047,"NAD83",NA,"Sue Malone","full pedon description","TUD pedon","07N0475",0,NA,NA,NA,NA,NA,495,40,320,"Interior Live Oak - Chaparral",NA,NA,NA,132,"schist, unspecified","moderately","backslope","middle third","linear","linear","simple","well","side slope",NA,NA,"linear / linear",2011-07-03 05:18:47,NA,"correlated","MOUNTHOPE",NA,"series",NA,"fine-loamy","alfisols","xeralfs","haploxeralfs","ultic haploxeralfs",NA,0,"xeric","thermic",NA,36,86,"most recent",NA,NA,NA,NA,NA,FALSE,TRUE,TRUE,FALSE,FALSE,TRUE,FALSE,TRUE,FALSE,FALSE,FALSE,FALSE,FALSE,FALSE,FALSE,FALSE,FALSE,FALSE,FALSE,FALSE,FALSE,FALSE,FALSE,FALSE,FALSE,FALSE,FALSE,0,0,0,0,0,0,0,0,0,"hillslope","colluvium & residuum","metasedimentary, unspecified & schist, unspecified",TRUE,"7212",728103.571849867,4204706.79528418,TRUE
"47","252846","S2007CA109004",254484,"06-JCR-006",2006-11-02,10,742775,4207883,-120.235610961914,37.9861373901367,"NAD83",NA,"JCR and SMM","full pedon description","OSD pedon","07N0473",0,NA,NA,NA,NA,NA,893,46,39,"Sierran Mixed Conifer",NA,NA,NA,292,"granodiorite","moderately","backslope","middle third","concave","convex","complex","well","side slope",NA,NA,"concave / convex",2011-07-03 05:18:47,NA,"correlated","MUSICK",NA,"series",NA,"fine-loamy","alfisols","xeralfs","haploxeralfs","ultic haploxeralfs","tenth edition",0,"xeric","mesic","not used",88,140,"most recent",NA,NA,NA,NA,NA,TRUE,TRUE,FALSE,FALSE,FALSE,TRUE,FALSE,FALSE,FALSE,FALSE,FALSE,FALSE,FALSE,FALSE,FALSE,FALSE,FALSE,FALSE,FALSE,FALSE,FALSE,FALSE,FALSE,FALSE,FALSE,FALSE,FALSE,0,0,0,0,0,0,0,0,0,"hillslope","colluvium & residuum","diorite & schist, mica",TRUE,"6038",742774.701293461,4207883.12057913,TRUE
"48","252850","S2007CA109001",254488,"07-JCR-001",2007-04-05,10,714616,4191767,-120.560722351074,37.8480834960938,"NAD83",NA,"John Rule","full pedon description","OSD pedon","07N0470",0,NA,NA,NA,NA,NA,315,18,93,NA,NA,NA,NA,122,"greenstone","strongly","backslope","middle third","linear","linear","complex","well","side slope",NA,NA,"linear / linear",2007-04-05 00:00:00,NA,"sampled as","Motherlode",NA,NA,NA,"fine","alfisols","xeralfs","haploxeralfs","mollic haploxeralfs","tenth edition",0,"xeric","thermic",NA,20,70,"single record",NA,NA,NA,NA,NA,FALSE,TRUE,TRUE,FALSE,FALSE,FALSE,FALSE,FALSE,FALSE,FALSE,FALSE,FALSE,FALSE,FALSE,FALSE,FALSE,FALSE,FALSE,FALSE,FALSE,FALSE,FALSE,FALSE,FALSE,FALSE,FALSE,FALSE,5,11,1,0,0,0,0,0,0,"hillslope","colluvium & residuum","greenstone",TRUE,"7086a",714619.272967804,4191763.86391145,TRUE
"49","252851","S2007CA009002",254491,"07-JCR-002",2007-04-02,10,700783,4201935,-120.715026855469,37.9428634643555,"NAD83",NA,"John Rule","full pedon description","OSD pedon","07N0469",0,NA,NA,NA,NA,NA,337,20,272,NA,NA,NA,NA,81,"greenstone","strongly","backslope","middle third","linear","linear","complex","well","side slope",NA,NA,"linear / linear",2007-04-02 00:00:00,NA,"sampled as","Gopheridge",NA,NA,NA,"loamy-skeletal","alfisols","xeralfs","haploxeralfs","mollic haploxeralfs","tenth edition",0,"xeric","thermic",NA,18,68,"single record",NA,NA,NA,NA,NA,FALSE,TRUE,TRUE,FALSE,FALSE,FALSE,FALSE,FALSE,FALSE,FALSE,FALSE,FALSE,FALSE,FALSE,FALSE,FALSE,FALSE,FALSE,FALSE,FALSE,FALSE,FALSE,FALSE,FALSE,FALSE,FALSE,FALSE,5,11,1,0,0,0,0,0,0,"hillslope","colluvium & residuum","greenstone",TRUE,"7086a",700783.204464773,4201937.69247218,TRUE
"50","252852","S2007CA009001",254492,"07-SMM-015",2007-04-05,10,723463,4251017,-120.441749572754,38.3794708251953,"NAD83",NA,"Sue Malone","full pedon description","TUD pedon","07N0468",0,NA,NA,NA,NA,NA,1025,25,138,"Sierran Mixed Conifer",NA,NA,NA,205,"argillite",NA,"shoulder",NA,"concave","linear","simple","well",NA,"mountaintop",NA,"concave / linear",2007-04-05 00:00:00,NA,"sampled as","Sitesnot",NA,NA,NA,"fine","ultisols","humults","haplohumults","xeric haplohumults",NA,0,"xeric","mesic",NA,28,78,"single record",NA,NA,NA,NA,NA,FALSE,TRUE,TRUE,FALSE,FALSE,FALSE,FALSE,FALSE,FALSE,TRUE,FALSE,FALSE,FALSE,FALSE,FALSE,FALSE,FALSE,FALSE,FALSE,FALSE,FALSE,FALSE,FALSE,FALSE,FALSE,FALSE,FALSE,0,0,0,0,0,0,0,0,0,"ridge","colluvium & residuum","metasedimentary, unspecified & argillite",TRUE,"8162",723462.414140696,4251017.98915456,TRUE
"62","258871","S07CA009003",297065,"S2007CA630SMM042",2007-10-19,10,722140,4257176,-120.454940795898,38.4352493286133,"NAD83",NA,"Sue Malone","laboratory sampling site","representative pedon for component","08N0157",1,NA,NA,NA,NA,NA,1170,6,316,"Sierran Mixed Conifer",NA,NA,NA,NA,NA,NA,"backslope",NA,"linear","linear","simple","well",NA,"mountaintop",NA,"linear / linear",2018-07-03 00:00:00,"Andrew Brown","correlated","Horseshoe",NA,"taxadjunct","tentative","fine-loamy","ultisols","xerults","haplohumults","xeric haplohumults","twelfth edition",0,"xeric","mesic","not used",38,88,"most recent",NA,NA,NA,NA,NA,FALSE,TRUE,TRUE,TRUE,FALSE,FALSE,FALSE,FALSE,FALSE,TRUE,FALSE,FALSE,FALSE,FALSE,FALSE,FALSE,FALSE,FALSE,FALSE,FALSE,FALSE,FALSE,FALSE,FALSE,FALSE,FALSE,FALSE,0,0,0,0,0,0,0,0,0,"ridge","volcanic ash & residuum & colluvium","NA & granitoid",TRUE,"6041",722139.042554757,4257176.6774222,TRUE
"80","268797","07JCR011",269608,"07CA630JCR011",2007-07-06,10,714731.91,4191767.14,-120.559448242188,37.8480529785156,"NAD83",NA,"John Rule","soil survey inventory","correlates to named soil",NA,0,NA,NA,NA,NA,NA,299,8,57,"Grassland",NA,NA,NA,11,"metavolcanics",NA,"backslope",NA,"linear","linear",NA,"well","side slope",NA,NA,"linear / linear",2018-05-16 00:00:00,"Andrew Paolucci","correlated","Ospital",NA,"series","tentative","loamy","entisols","orthents","xerorthents","lithic xerorthents","twelfth edition",0,"xeric","thermic",NA,0,20,"most recent",NA,NA,NA,NA,NA,FALSE,FALSE,TRUE,FALSE,TRUE,FALSE,FALSE,FALSE,FALSE,FALSE,FALSE,FALSE,FALSE,FALSE,FALSE,FALSE,FALSE,FALSE,FALSE,FALSE,FALSE,FALSE,FALSE,FALSE,FALSE,FALSE,FALSE,0,2,0,0,0,0,0,0,0,"hillslope","colluvium & residuum","metavolcanics",TRUE,"7083",714731.484251851,4191763.41102579,TRUE
"112","268846","07SMM022",269597,"07CA630SMM022",2007-06-18,10,727461.24,4255416.6,-120.394721984863,38.4180526733398,"NAD83",NA,"Sue Malone","soil survey inventory","TUD pedon",NA,0,NA,NA,NA,NA,NA,1234,48,356,"Sierran Mixed Conifer",NA,NA,NA,147,"diorite","moderately","backslope",NA,"linear","convex","simple","somewhat excessively",NA,"mountainflank",NA,"linear / convex",2017-07-25 00:00:00,NA,"correlated","Holland",NA,"taxadjunct",NA,"fine-loamy","alfisols","xeralfs","palexeralfs","ultic palexeralfs","tenth edition",0,"xeric","mesic",NA,41,91,"most recent","F022AG202CA","Deep Mesic Shoulders And Summits",2016-05-05,"David Evans","least missing data",FALSE,TRUE,TRUE,FALSE,FALSE,TRUE,FALSE,FALSE,FALSE,FALSE,FALSE,FALSE,FALSE,FALSE,FALSE,FALSE,FALSE,FALSE,FALSE,FALSE,FALSE,FALSE,FALSE,FALSE,FALSE,FALSE,FALSE,0,0,0,0,0,0,0,0,0,"mountain slope","colluvium & residuum","diorite",TRUE,"6039",727449.883988867,4255415.05966207,TRUE
"119","296620","S07CA009003",297065,"S2007CA630SMM042",2007-10-19,10,722140,4257176,-120.454940795898,38.4352493286133,"NAD83",NA,"Sue Malone","full pedon description","OSD pedon","08N0157",0,NA,NA,NA,NA,NA,1170,6,316,"Sierran Mixed Conifer",NA,NA,NA,NA,NA,NA,"backslope",NA,"linear","linear","simple","well",NA,"mountaintop",NA,"linear / linear",2011-07-03 05:18:55,NA,"correlated","MANTREE",NA,"series",NA,"fine-loamy","alfisols","xeralfs","palexeralfs","andic palexeralfs","tenth edition",0,"xeric","mesic",NA,38,88,"most recent",NA,NA,NA,NA,NA,FALSE,TRUE,TRUE,FALSE,FALSE,FALSE,FALSE,FALSE,FALSE,FALSE,TRUE,FALSE,FALSE,FALSE,FALSE,FALSE,FALSE,FALSE,FALSE,FALSE,FALSE,FALSE,FALSE,FALSE,FALSE,FALSE,FALSE,0,0,0,0,0,0,0,0,0,"ridge","volcanic ash & residuum & colluvium","NA & granitoid",TRUE,"6041",722139.042554757,4257176.6774222,TRUE
"120","296621","S07CA009004",297064,"S2007CA630SMM040",2007-10-16,10,724540,4256592,-120.427528381348,38.4326362609863,"NAD83",NA,"Sue Malone","full pedon description","OSD pedon","08N0158",0,NA,NA,NA,NA,NA,1300,12,270,"Sierran Mixed Conifer",NA,NA,NA,NA,NA,NA,"backslope",NA,"linear","linear","simple","well",NA,"mountaintop",NA,"linear / linear",2007-10-16 00:00:00,NA,"sampled as","Andihasset",NA,NA,NA,"fine-loamy","alfisols","xeralfs","palexeralfs","andic palexeralfs","tenth edition",0,"xeric","mesic",NA,30,80,"single record",NA,NA,NA,NA,NA,FALSE,TRUE,TRUE,FALSE,FALSE,FALSE,FALSE,FALSE,FALSE,FALSE,TRUE,FALSE,FALSE,FALSE,FALSE,FALSE,FALSE,FALSE,FALSE,FALSE,FALSE,FALSE,FALSE,FALSE,FALSE,FALSE,FALSE,0,0,0,0,0,0,0,0,0,"ridge & mudflow","volcanic ash & colluvium","NA & tuff breccia",TRUE,"4040",724540.118523722,4256953.56986241,TRUE
"121","296622","S07CA009005",297066,"S2007CA630SMM044",2007-10-19,10,726251,4259713,-120.40705871582,38.4570579528809,"NAD83",NA,"Sue Malone","full pedon description","OSD pedon","08N0159",0,NA,NA,NA,NA,NA,1342,37,340,"Sierran Mixed Conifer",NA,NA,NA,NA,NA,NA,"backslope",NA,"linear","linear","complex","well",NA,"mountainflank",NA,"linear / linear",2011-07-03 05:18:55,NA,"correlated","MACMERTEN",NA,"series",NA,"medial over loamy","andisols","xerands","haploxerands","alfic humic haploxerands","tenth edition",0,"xeric","mesic",NA,8,108,"most recent",NA,NA,NA,NA,NA,TRUE,TRUE,FALSE,FALSE,FALSE,FALSE,FALSE,FALSE,FALSE,FALSE,TRUE,FALSE,FALSE,FALSE,FALSE,FALSE,FALSE,FALSE,FALSE,FALSE,FALSE,FALSE,FALSE,FALSE,FALSE,FALSE,FALSE,0,0,0,0,0,0,0,0,0,"ridge","volcanic ash & colluvium","NA & volcanic, unspecified",TRUE,"4048",726250.814296083,4259713.29961542,TRUE
"122","296623","S07CA009006",297063,"S2007CA630SMM017",2007-06-04,10,724459,4251310,-120.430358886719,38.3818054199219,"NAD83",NA,"Sue Malone","full pedon description","OSD pedon","08N0160",0,NA,NA,NA,NA,NA,975,45,14,"Sierran Mixed Conifer",NA,NA,NA,NA,NA,NA,"backslope",NA,"linear","linear","simple","well",NA,"mountainflank",NA,"linear / linear",2011-07-03 05:18:55,NA,"correlated","SCHAAD",NA,"series",NA,"fine-loamy","alfisols","xeralfs","palexeralfs","ultic palexeralfs","tenth edition",0,"xeric","mesic",NA,30,80,"most recent",NA,NA,NA,NA,NA,FALSE,TRUE,TRUE,FALSE,FALSE,FALSE,FALSE,FALSE,FALSE,FALSE,FALSE,FALSE,FALSE,FALSE,FALSE,FALSE,FALSE,FALSE,FALSE,FALSE,FALSE,FALSE,FALSE,FALSE,FALSE,FALSE,FALSE,0,0,0,0,0,0,0,0,0,"mountain slope","colluvium & residuum","metasedimentary, unspecified",TRUE,"8287",724450.320052306,4251304.75868885,TRUE
"123","296624","S07CA009008",297067,"S2007CA630SMM045",2007-10-22,10,724585,4256904,-120.427024841309,38.4321632385254,"NAD83",NA,"Sue Malone","full pedon description","TUD pedon","08N0161",0,NA,NA,NA,NA,NA,1266,10,120,"Sierran Mixed Conifer",NA,NA,NA,91,"tuff breccia","indurated","shoulder",NA,"linear","convex","simple","well",NA,"mountaintop",NA,"linear / convex",2011-07-03 05:18:55,NA,"correlated","MCCARTHY",NA,"series",NA,"medial-skeletal","andisols","xerands","haploxerands","humic haploxerands","tenth edition",0,"xeric","mesic",NA,0,91,"most recent",NA,NA,NA,NA,NA,TRUE,FALSE,FALSE,TRUE,TRUE,FALSE,FALSE,FALSE,FALSE,FALSE,TRUE,FALSE,FALSE,FALSE,FALSE,FALSE,FALSE,FALSE,FALSE,FALSE,FALSE,FALSE,FALSE,FALSE,FALSE,FALSE,FALSE,0,0,10,11,0,0,0,0,0,"ridge","volcanic ash & residuum & colluvium","NA & tuff breccia",TRUE,"4040",724585.548764785,4256902.30142619,TRUE
"165","307602","S09CA109003",346939,"S2008CA630BJM001",2008-03-24,10,733453.48,4201733.97,-120.343612670898,37.9333305358887,"NAD83",NA,"Ben Marshall","laboratory sampling site","TUD pedon","09N0870",1,NA,NA,NA,NA,NA,536,10,148,"Interior Live Oak/Chaparral",NA,NA,NA,140,"granodiorite","moderately","toeslope",NA,"convex","linear","simple","well","nose slope",NA,NA,"convex / linear",2017-10-19 00:00:00,"Andrew Brown","correlated","Auberry",NA,"taxadjunct","established","fine-loamy","mollisols","xerolls","argixerolls","ultic argixerolls","twelfth edition",0,"xeric","thermic","not used",36,86,"most recent",NA,NA,NA,NA,NA,FALSE,TRUE,FALSE,FALSE,FALSE,FALSE,TRUE,FALSE,FALSE,FALSE,FALSE,TRUE,FALSE,FALSE,FALSE,FALSE,FALSE,FALSE,FALSE,FALSE,FALSE,FALSE,FALSE,FALSE,FALSE,FALSE,FALSE,0,1,0,0,0,0,0,0,0,"hillslope","colluvium & residuum","NA & granodiorite",TRUE,"6074",733455.296429481,4201746.60226151,TRUE
"195","309624","S08CA009003",309596,"S2007CA630SMM019",2007-06-07,10,728854.83,4252273.81,-120.379722595215,38.3894424438477,"NAD83",NA,"Sue Malone","full pedon description","correlates to named soil","08N0693",0,NA,NA,NA,NA,NA,1126,45,58,"Sierran Mixed Conifer",NA,NA,NA,NA,NA,NA,"backslope","middle third","concave","convex",NA,"well",NA,"mountainflank, center third",NA,"concave / convex",2009-02-18 21:52:20,NA,"correlated","MUSICK",NA,"series",NA,"fine-loamy","alfisols","xeralfs","haploxeralfs","ultic haploxeralfs","tenth edition",0,"xeric","mesic",NA,36,86,"most recent",NA,NA,NA,NA,NA,FALSE,TRUE,TRUE,FALSE,FALSE,FALSE,FALSE,FALSE,FALSE,FALSE,FALSE,FALSE,FALSE,FALSE,FALSE,FALSE,FALSE,FALSE,FALSE,FALSE,FALSE,FALSE,FALSE,FALSE,FALSE,FALSE,FALSE,0,0,0,0,0,0,0,0,0,NA,"colluvium & residuum","NA & granitoid",TRUE,"6039",728849.852956875,4252277.27522498,TRUE
"196","309626","S08CA009001",309597,"S2007CA630DWB016",2007-07-18,10,720907,4227300,-120.478363037109,38.1665306091309,"NAD83",NA,"Dean Burkett","full pedon description","OSD pedon","08N0691",0,NA,NA,NA,NA,NA,709,10,310,"Montane-Hardwood-Conifer",NA,NA,NA,185,"schist, mica","moderately","backslope","upper third",NA,NA,NA,"well","side slope",NA,NA,NA,2008-12-02 19:43:58,NA,"correlated","NEDSGULCH",NA,"series",NA,"fine-loamy","alfisols","xeralfs","palexeralfs","haplic palexeralfs","tenth edition",0,"xeric","mesic",NA,17,67,"most recent",NA,NA,NA,NA,NA,FALSE,TRUE,TRUE,FALSE,FALSE,TRUE,FALSE,FALSE,FALSE,FALSE,FALSE,FALSE,FALSE,FALSE,FALSE,FALSE,FALSE,FALSE,FALSE,FALSE,FALSE,FALSE,FALSE,FALSE,FALSE,FALSE,FALSE,0,0,0,0,0,0,0,0,0,"hillslope","colluvium & residuum","schist, unspecified",TRUE,"8171",720908.435042212,4227296.83617321,TRUE
"197","309629","S08CA009002",309598,"S2008CA630DWB025",2008-08-06,10,726140.64,4230815.35,-120.417495727539,38.1969451904297,"NAD83",NA,"Dean Burkett","full pedon description","OSD pedon","08N0692",0,NA,NA,NA,NA,NA,1009,21,30,"Sierran Mixed Conifer - Ponderosa pine",NA,NA,NA,NA,NA,NA,"backslope",NA,"convex","concave",NA,"well",NA,"mountaintop",NA,"convex / concave",2009-02-18 21:54:52,NA,"correlated","MARJONMINE",NA,"series",NA,"fine-loamy","alfisols","xeralfs","haploxeralfs","ultic haploxeralfs","tenth edition",0,"xeric","mesic",NA,44,94,"most recent",NA,NA,NA,NA,NA,FALSE,TRUE,TRUE,FALSE,FALSE,FALSE,FALSE,FALSE,FALSE,FALSE,FALSE,FALSE,FALSE,FALSE,FALSE,FALSE,FALSE,FALSE,FALSE,FALSE,FALSE,FALSE,FALSE,FALSE,FALSE,FALSE,FALSE,0,5,0,0,0,0,0,0,0,"mountain slope","colluvium & residuum","schist, mica",TRUE,"8160",726146.776526482,4230819.6136223,TRUE
"198","309630","S08CA109001",309599,"S2008CA630AMS017",2008-06-04,10,734822.09,4196883.26,-120.329719543457,37.8891639709473,"NAD83",NA,"Alison Steglich","full pedon description","OSD pedon","08N0694",0,NA,NA,NA,NA,NA,544,12,70,"Blue Oak Woodland",NA,NA,NA,180,"phyllite","moderately","backslope","middle third","linear","concave","simple","well","side slope",NA,NA,"linear / concave",2008-12-02 19:43:58,NA,"correlated","DEERFLAT",NA,"series",NA,"fine-loamy","alfisols","xeralfs","palexeralfs","ultic palexeralfs","tenth edition",0,"xeric","thermic",NA,20,70,"most recent",NA,NA,NA,NA,NA,FALSE,TRUE,TRUE,FALSE,FALSE,TRUE,FALSE,FALSE,FALSE,FALSE,FALSE,FALSE,FALSE,FALSE,FALSE,FALSE,FALSE,FALSE,FALSE,FALSE,FALSE,FALSE,FALSE,FALSE,FALSE,FALSE,FALSE,0,0,0,0,0,0,0,0,0,"erosion remnant","colluvium & residuum","phyllite",TRUE,"7210",734816.976361936,4196879.90752594,TRUE
"206","335162","07RJV018",335271,"07CA630RJV018",2007-05-07,10,741512.72,4195349.39,-120.254165649414,37.873607635498,"NAD83",NA,"Bob Vobora","soil survey inventory","correlates to named soil",NA,0,NA,NA,NA,NA,NA,784,27,215,"Blue Oak Woodland",NA,NA,NA,132,"metasedimentary rock, unspecified","moderately","backslope",NA,"convex","convex","complex","well","side slope",NA,NA,"convex / convex",2016-02-29 00:00:00,NA,"correlated","Wardsferry",NA,"series","tentative","fine-loamy","alfisols","xeralfs","haploxeralfs","ultic haploxeralfs","twelfth edition",0,"xeric","thermic",NA,23,73,"most recent","F018XI204CA","Pinus ponderosa-Quercus kelloggii/Arctostaphylos-Toxicodendron diversilobum/Galium-Bromus carinatus",2016-07-01,"David Evans","least missing data",FALSE,TRUE,TRUE,FALSE,FALSE,FALSE,FALSE,FALSE,FALSE,FALSE,FALSE,FALSE,FALSE,FALSE,FALSE,FALSE,FALSE,FALSE,FALSE,FALSE,FALSE,FALSE,FALSE,FALSE,FALSE,FALSE,FALSE,0,0,0,0,0,0,0,0,0,"hillslope","colluvium & residuum","NA & metasedimentary, unspecified",TRUE,"7211",741513.073240181,4195346.04925946,TRUE
"260","338020","S2007DWB005",374590,"R07CA630DWB005",2007-06-13,10,719802.32,4230200.04,-120.48999786377,38.193058013916,"NAD83",NA,"Dean Burkett","laboratory sampling site","correlates to named soil","10N0447",1,NA,NA,NA,NA,NA,660,47,80,"Live Oak Chaparral / Montane",NA,NA,NA,105,"metasedimentary rock, unspecified","moderately","backslope",NA,"linear","convex","simple","well","side slope",NA,NA,"linear / convex",2016-03-07 00:00:00,"Theresa Kunch","correlated","Sheepranch",NA,"series","tentative","fine-loamy","alfisols","xeralfs","haploxeralfs","ultic haploxeralfs","twelfth edition",0,"xeric",NA,NA,30,80,"most recent",NA,NA,NA,NA,NA,FALSE,TRUE,TRUE,TRUE,FALSE,TRUE,FALSE,FALSE,FALSE,FALSE,FALSE,FALSE,FALSE,FALSE,FALSE,FALSE,FALSE,FALSE,FALSE,FALSE,FALSE,FALSE,FALSE,FALSE,FALSE,FALSE,FALSE,0,0,0,0,0,0,0,0,0,"hillslope","residuum","metasedimentary, unspecified",TRUE,"8190",719809.229055918,4230213.18997187,TRUE
"272","338032","S09CA109002",346942,"S2009CA630BJM017",2008-11-13,10,742138.2,4182760.26,-120.251388549805,37.7599983215332,"NAD83",NA,"Ben Marshall","laboratory sampling site","OSD pedon","09N0869",1,NA,NA,NA,NA,NA,575,25,255,"Serpentine Chaparral",NA,NA,NA,90,"serpentinite","moderately","backslope","middle third","convex","linear","simple","well","side slope",NA,NA,"convex / linear",2017-06-22 00:00:00,"Cathy Scott","correlated","Crimeadark",NA,"series","tentative","clayey-skeletal","alfisols","xeralfs","haploxeralfs","mollic haploxeralfs","twelfth edition",1,"xeric","thermic",NA,18,68,"most recent",NA,NA,NA,NA,NA,FALSE,TRUE,TRUE,FALSE,TRUE,FALSE,FALSE,TRUE,FALSE,FALSE,FALSE,FALSE,FALSE,FALSE,FALSE,FALSE,FALSE,FALSE,FALSE,FALSE,FALSE,FALSE,FALSE,FALSE,FALSE,FALSE,FALSE,0,20,10,1,0,0,0,0,0,"hillslope","colluvium & colluvium & residuum","peridotite & serpentinite",TRUE,"7156",742128.530060692,4182744.82106019,TRUE
"276","338036","09BJM023",337996,"09CA630BJM023",2008-11-19,10,743186.99,4182992.95,-120.239166259766,37.7619438171387,"NAD83",NA,"Ben Marshall","full pedon description","correlates to named soil",NA,0,NA,NA,NA,NA,NA,775,25,228,"Mixed Chaparral",NA,NA,NA,42,"greenstone","indurated","backslope",NA,"convex","convex","simple","well","side slope",NA,NA,"convex / convex",2012-02-09 18:35:22,NA,"correlated","Jasperpeak",NA,"series",NA,"loamy-skeletal","alfisols","xeralfs","haploxeralfs","lithic haploxeralfs","tenth edition",0,"xeric","thermic",NA,5,42,"most recent",NA,NA,NA,NA,NA,FALSE,TRUE,TRUE,FALSE,TRUE,FALSE,FALSE,FALSE,FALSE,FALSE,FALSE,FALSE,FALSE,FALSE,FALSE,FALSE,FALSE,FALSE,FALSE,FALSE,FALSE,FALSE,FALSE,FALSE,FALSE,FALSE,FALSE,0,30,3,0,0,0,0,0,0,"hillslope","residuum & colluvium","greenstone",TRUE,"7088",743199.03221183,4182992.46220633,TRUE
"288","342445","S09CA009002",346944,"S2009CA630CKS001",2009-03-23,10,713136.19,4200626.04,-120.574996948242,37.9283294677734,"NAD83",NA,"Chris Savastio","laboratory sampling site","TUD pedon","09N0866",1,NA,NA,NA,NA,NA,1014,22,220,"Blue Oak Woodland",NA,NA,NA,110,"greenstone","indurated","backslope",NA,"linear","linear","simple","well","side slope",NA,NA,"linear / linear",2015-12-24 00:00:00,"Andrew Paolucci","correlated","Loafercreek",NA,"series","tentative","fine-loamy","alfisols","xeralfs","haploxeralfs","ultic haploxeralfs","twelfth edition",0,"xeric","thermic",NA,9,59,"most recent",NA,NA,NA,NA,NA,FALSE,TRUE,TRUE,FALSE,TRUE,FALSE,FALSE,TRUE,FALSE,FALSE,FALSE,FALSE,FALSE,FALSE,FALSE,FALSE,FALSE,FALSE,FALSE,FALSE,FALSE,FALSE,FALSE,FALSE,FALSE,FALSE,FALSE,0,0,0,0,0,0,0,0,0,"hillslope","colluvium & residuum","NA & greenstone",TRUE,"7086a",713131.523769484,4200636.81835695,TRUE
"289","342446","S09CA109005",346946,"S2009CA630SMM005",2009-04-03,10,740748.14,4196286.67,-120.262496948242,37.8822212219238,"NAD83",NA,"Sue Malone","laboratory sampling site","undefined observation","09N0872",1,NA,NA,NA,NA,NA,705,7,220,"Montane Hardwood Conifer\cleared pasture",NA,NA,NA,170,"phyllite","moderately","shoulder","upper third","convex","convex","complex","moderately well","nose slope",NA,NA,"convex / convex",2015-12-29 00:00:00,"Andrew Paolucci","correlated","Typic Haploxerepts",NA,"taxon above family",NA,"coarse-loamy","inceptisols","xerepts","haploxerepts","typic haploxerepts","twelfth edition",0,"xeric","mesic",NA,25,100,"most recent",NA,NA,NA,NA,NA,FALSE,FALSE,TRUE,TRUE,FALSE,TRUE,FALSE,FALSE,FALSE,FALSE,FALSE,FALSE,FALSE,FALSE,FALSE,FALSE,FALSE,FALSE,FALSE,FALSE,FALSE,FALSE,FALSE,FALSE,FALSE,FALSE,FALSE,0,0,0,0,0,0,0,0,0,"eroded fan remnant & hillslope","slope alluvium & colluvium & residuum","NA & phyllite",TRUE,"7210",740752.08104845,4196280.44930084,TRUE
"290","342447","S09CA109004",346943,"S2009CA630BJM031",2009-03-25,10,720170.55,4194359.47,-120.496940612793,37.8699989318848,"NAD83",NA,"Ben Marshall","laboratory sampling site","undefined observation","09N0871",1,NA,NA,NA,NA,NA,333,3,295,"Mixed Chapparel - Serpentine",NA,NA,NA,90,"serpentinite","indurated","toeslope",NA,"linear","concave","simple","moderately well",NA,NA,NA,"linear / concave",2015-12-23 00:00:00,"Andrew Paolucci","correlated","Aquic Argixerolls",NA,"series",NA,"loamy-skeletal","mollisols","xerolls","argixerolls","aquic argixerolls","twelfth edition",0,"xeric","thermic",NA,15,65,"most recent",NA,NA,NA,NA,NA,FALSE,TRUE,FALSE,FALSE,FALSE,TRUE,TRUE,FALSE,FALSE,FALSE,FALSE,FALSE,FALSE,FALSE,FALSE,FALSE,TRUE,TRUE,FALSE,FALSE,FALSE,FALSE,FALSE,FALSE,FALSE,FALSE,FALSE,0,2,0,0,0,0,0,0,0,"stream terrace","alluvium & residuum","serpentinite",TRUE,"7155",720166.724672601,4194344.56622948,TRUE
"291","342479","S09CA009001",346940,"S2008CA630DWB001",2008-04-15,10,714968,4231305,-120.544891357422,38.2040557861328,"NAD83",NA,"Dean Burkett","laboratory sampling site","taxadjunct to the series","09N0865",1,NA,NA,NA,NA,NA,717,24,160,"Montane Hardwood Conifer",NA,NA,NA,204,"metasedimentary rock, unspecified",NA,"backslope",NA,"convex","convex","simple",NA,"side slope",NA,NA,"convex / convex",2015-12-28 00:00:00,"Andrew Paolucci","correlated","Jocal",NA,"taxadjunct","established","fine","ultisols","xerults","haploxerults","typic haploxerults","twelfth edition",0,"xeric","mesic",NA,8,58,"most recent",NA,NA,NA,NA,NA,FALSE,TRUE,TRUE,FALSE,FALSE,TRUE,FALSE,FALSE,FALSE,FALSE,FALSE,FALSE,FALSE,FALSE,FALSE,FALSE,FALSE,FALSE,FALSE,FALSE,FALSE,FALSE,FALSE,FALSE,FALSE,FALSE,FALSE,0,0,0,0,0,0,0,0,0,NA,NA,NA,TRUE,"8172",714968.943498594,4231305.25890833,TRUE
"297","346010","S09CA109001",346945,"S2009CA630SMM004",2009-03-24,10,719884.52,4194521.47,-120.5,37.8716659545898,"NAD83",NA,"Sue Malone","full pedon description","OSD pedon","09N0868",0,NA,NA,NA,NA,NA,335,12,244,"Serpentine Chaparral",NA,NA,NA,82,"serpentinite","indurated","backslope","middle third","convex","convex","simple","well","side slope",NA,NA,"convex / convex",2009-03-24 00:00:00,NA,"sampled as","Crimeahouse",NA,NA,NA,"loamy-skeletal","alfisols","xeralfs","haploxeralfs","mollic haploxeralfs","tenth edition",0,"xeric","thermic",NA,8,58,"single record",NA,NA,NA,NA,NA,FALSE,TRUE,TRUE,FALSE,TRUE,FALSE,FALSE,FALSE,FALSE,FALSE,FALSE,FALSE,FALSE,FALSE,FALSE,FALSE,FALSE,FALSE,FALSE,FALSE,FALSE,FALSE,FALSE,FALSE,FALSE,FALSE,FALSE,0,0,0,0,0,0,0,0,0,"hillslope","colluvium & residuum","NA & serpentinite",TRUE,"7155",719892.621551389,4194522.35600899,TRUE
"363","351690","07RJV106",352178,"07CA630RJV106",2007-09-27,10,734251.45,4172717.11,-120.343894958496,37.6716651916504,"NAD83",NA,"Bob Vobora","full pedon description","map unit inclusion",NA,0,NA,NA,NA,NA,NA,348,41,5,"Blue oak woodland",NA,NA,NA,76,"metavolcanics","indurated","backslope",NA,"convex","convex","simple","well","side slope",NA,NA,"convex / convex",2017-03-15 00:00:00,"Julie Baker","correlated","Gopheridge",NA,"series","tentative","loamy-skeletal","alfisols","xeralfs","haploxeralfs","ultic haploxeralfs","twelfth edition",0,"xeric","thermic",NA,25,63,"most recent",NA,NA,NA,NA,NA,FALSE,TRUE,TRUE,FALSE,TRUE,FALSE,FALSE,FALSE,FALSE,FALSE,FALSE,FALSE,FALSE,FALSE,FALSE,FALSE,FALSE,FALSE,FALSE,FALSE,FALSE,FALSE,FALSE,FALSE,FALSE,FALSE,FALSE,0,0,0,0,0,0,0,0,0,"hillslope","colluvium & residuum","NA & metavolcanics",TRUE,"7088",734256.226368276,4172706.30450024,TRUE
"380","351707","07RJV129",352195,"07CA630RJV129",2007-07-09,10,737579.16,4187651.59,-120.301391601562,37.8052787780762,"NAD83",NA,"Bob Vobora","full pedon description","correlates to named soil",NA,0,NA,NA,NA,NA,NA,384,52,310,"Mixed Oak Woodland",NA,NA,NA,66,"metasedimentary rock, unspecified","indurated","backslope",NA,"convex","convex",NA,"well","side slope",NA,NA,"convex / convex",2012-01-24 00:00:00,NA,"correlated","Moccasinhill",NA,"series",NA,"loamy-skeletal","inceptisols","xerepts","haploxerepts","humic haploxerepts","tenth edition",0,"xeric","thermic",NA,10,40,"most recent",NA,NA,NA,NA,NA,FALSE,FALSE,TRUE,TRUE,FALSE,FALSE,FALSE,FALSE,FALSE,FALSE,FALSE,FALSE,FALSE,FALSE,FALSE,FALSE,FALSE,FALSE,FALSE,FALSE,FALSE,FALSE,FALSE,FALSE,FALSE,FALSE,FALSE,0,0,0,0,0,15,0,0,0,"hillslope","residuum","metasedimentary, unspecified",TRUE,"8176",737577.750414889,4187641.66067162,TRUE
"382","351709","07RJV131",352197,"07CA630RJV131",2007-08-14,10,737084.65,4187437.72,-120.306945800781,37.8036117553711,"NAD83",NA,"Bob Vobora","full pedon description","undefined observation",NA,0,NA,NA,NA,NA,NA,537,57,30,"Chapparal",NA,NA,NA,NA,NA,NA,"backslope",NA,"linear","convex","simple","well","side slope",NA,NA,"linear / convex",2012-03-27 00:00:00,NA,"correlated","Moccasinhill",NA,"family",NA,"loamy-skeletal","inceptisols","xerepts","haploxerepts","typic haploxerepts","tenth edition",0,"xeric","thermic",NA,25,100,"most recent",NA,NA,NA,NA,NA,FALSE,FALSE,TRUE,TRUE,FALSE,FALSE,FALSE,FALSE,FALSE,FALSE,FALSE,FALSE,FALSE,FALSE,FALSE,FALSE,FALSE,FALSE,FALSE,FALSE,FALSE,FALSE,FALSE,FALSE,FALSE,FALSE,FALSE,0,0,0,3,1,0,0,0,0,"hillslope","residuum","metasedimentary, unspecified",TRUE,"8176",737094.018303572,4187442.54263412,TRUE
"404","352497","07RJV095",352966,"07CA630RJV095",2007-08-24,10,735297.42,4181027.62,-120.329444885254,37.7463874816895,"NAD83",NA,"Bob Vobora","full pedon description","taxadjunct to the series",NA,0,NA,NA,NA,NA,NA,331,51,225,"Grassland",NA,NA,NA,117,"diorite","moderately","backslope",NA,"convex","convex","complex","well","side slope",NA,NA,"convex / convex",2012-02-09 00:00:00,NA,"correlated","Typic Haploxerepts",NA,"taxon above family",NA,"fine-loamy","inceptisols","xerepts","haploxerepts","typic haploxerepts","twelfth edition",0,"xeric","thermic","not used",25,100,"most recent",NA,NA,NA,NA,NA,FALSE,FALSE,TRUE,TRUE,FALSE,TRUE,FALSE,FALSE,FALSE,FALSE,FALSE,FALSE,FALSE,FALSE,FALSE,FALSE,FALSE,FALSE,FALSE,FALSE,FALSE,FALSE,FALSE,FALSE,FALSE,FALSE,FALSE,0,1,0,0,0,0,0,0,0,"hillslope","colluvium & residuum","NA & diorite",TRUE,"7088",735294.310145488,4181035.01268503,TRUE
"407","352500","07RJV156",352969,"07CA630RJV156",2007-07-27,10,729213.71,4187275.18,-120.396385192871,37.8041648864746,"NAD83",NA,"Bob Vobora","soil survey inventory","taxadjunct to the series",NA,0,NA,NA,NA,NA,NA,363,34,120,"Interior Live Oak - Chapparal",NA,NA,NA,NA,NA,NA,"backslope",NA,"convex","convex","simple","well","side slope",NA,NA,"convex / convex",2018-07-19 00:00:00,"Cathy Scott","correlated","Sixbit",NA,"taxadjunct","established","loamy-skeletal","inceptisols","xerepts","haploxerepts","lithic haploxerepts","twelfth edition",0,"xeric","thermic",NA,25,38,"most recent",NA,NA,NA,NA,NA,FALSE,FALSE,TRUE,TRUE,TRUE,FALSE,FALSE,FALSE,FALSE,FALSE,FALSE,FALSE,FALSE,FALSE,FALSE,FALSE,FALSE,FALSE,FALSE,FALSE,FALSE,FALSE,FALSE,FALSE,FALSE,FALSE,FALSE,0,35,0,2,0,0,0,0,0,"hillslope","residuum & colluvium","ultramafic, unspecified & NA",TRUE,"7159",729216.762623245,4187280.63229689,TRUE
"419","352512","S2008DWB020",374593,"R08CA630DWB020",2008-07-08,10,712146.86,4235617.06,-120.575828552246,38.2436103820801,"NAD83",NA,"Dean Burkett","laboratory sampling site","taxadjunct to the series","10N0450",1,NA,NA,NA,NA,NA,680,29,40,"Mixed Hardwood Conifer Forest",NA,NA,NA,NA,NA,NA,"backslope",NA,"convex","linear","simple","well","side slope",NA,NA,"convex / linear",2015-12-28 00:00:00,"Andrew Paolucci","correlated","Nedsgulch",NA,"taxadjunct","established","fine-loamy","ultisols","xerults","haploxerults","typic haploxerults","twelfth edition",0,"xeric","mesic",NA,11,61,"most recent",NA,NA,NA,NA,NA,FALSE,TRUE,TRUE,FALSE,FALSE,FALSE,FALSE,FALSE,FALSE,FALSE,FALSE,FALSE,FALSE,FALSE,FALSE,FALSE,FALSE,FALSE,FALSE,FALSE,FALSE,FALSE,FALSE,FALSE,FALSE,FALSE,FALSE,0,0,0,0,0,0,0,0,0,"hillslope","residuum","schist, unspecified",TRUE,"8172",712144.049170668,4235623.61468474,TRUE
"421","352514","S2008DWB022",374594,"R08CA630DWB022",2008-07-15,10,716587.97,4236147.56,-120.524993896484,38.2472229003906,"NAD83",NA,"Dean Burkett","laboratory sampling site","correlates to named soil","10N0451",1,NA,NA,NA,NA,NA,823,9,340,"Mixed Hardwood Conifer Forest",NA,NA,NA,135,"schist, unspecified","moderately","backslope",NA,"convex","concave",NA,"well","side slope",NA,NA,"convex / concave",2015-12-24 00:00:00,"Andrew Paolucci","correlated","Sheepranch",NA,"series","tentative","fine-loamy","alfisols","xeralfs","haploxeralfs","ultic haploxeralfs","twelfth edition",0,"xeric","mesic","not used",14,64,"most recent",NA,NA,NA,NA,NA,FALSE,TRUE,TRUE,FALSE,FALSE,TRUE,FALSE,FALSE,FALSE,FALSE,FALSE,FALSE,FALSE,FALSE,FALSE,FALSE,FALSE,FALSE,FALSE,FALSE,FALSE,FALSE,FALSE,FALSE,FALSE,FALSE,FALSE,0,0,0,0,0,0,0,0,0,"ridge","colluvium & residuum","NA & schist, unspecified",TRUE,"8160",716582.626949879,4236142.3552066,TRUE
"425","365289","S2009BAH003",374595,"R09CA630BAH003",2009-05-12,10,745444.93,4185830.16,-120.212776184082,37.7869453430176,"NAD83",NA,"Bev Harben","laboratory sampling site","taxadjunct to the series","10N0459",1,NA,NA,NA,NA,NA,1009,44,250,"Live Oak Mixed Chapparl",NA,NA,NA,90,"phyllite",NA,"backslope",NA,"linear","linear","simple","well","side slope",NA,NA,"linear / linear",2015-12-28 00:00:00,"Andrew Paolucci","correlated","Hetchy",NA,"series","tentative","loamy-skeletal","alfisols","xeralfs","haploxeralfs","ultic haploxeralfs","twelfth edition",0,"xeric","thermic",NA,22,72,"most recent",NA,NA,NA,NA,NA,FALSE,TRUE,TRUE,FALSE,FALSE,TRUE,FALSE,FALSE,FALSE,FALSE,FALSE,FALSE,FALSE,FALSE,FALSE,FALSE,FALSE,FALSE,FALSE,FALSE,FALSE,FALSE,FALSE,FALSE,FALSE,FALSE,FALSE,0,0,0,0,0,0,1,0,0,"hill","colluvium & residuum","NA & phyllite",TRUE,"8177",745441.422070165,4185836.14277773,TRUE
"429","365293","S2009SMM009",374608,"R09CA630SMM009",2009-07-15,10,722374.26,4249109.82,-120.454719543457,38.3624992370605,"NAD83",NA,"Sue Malone","laboratory sampling site","taxadjunct to the series","10N0454",1,NA,NA,NA,NA,NA,999,22,340,"Sierra Mixed Conifer F022AI202",NA,NA,NA,NA,NA,NA,"shoulder",NA,"convex","linear","simple","well",NA,"mountainflank, upper third",NA,"convex / linear",2017-04-28 00:00:00,"Andrew Paolucci","correlated","Sites",NA,"taxadjunct","tentative","fine-loamy","ultisols","humults","haplohumults","xeric haplohumults","twelfth edition",0,"xeric","mesic","not used",41,91,"most recent","F022AI202CA","Mesic Lower Montane Cool Drainages 40 - 47 PZ",NA,NA,"least missing data",FALSE,TRUE,TRUE,TRUE,FALSE,FALSE,FALSE,FALSE,FALSE,FALSE,FALSE,FALSE,FALSE,FALSE,FALSE,FALSE,FALSE,FALSE,FALSE,FALSE,FALSE,FALSE,FALSE,FALSE,FALSE,FALSE,FALSE,0,0,0,0,0,0,0,0,0,"ridge & erosion remnant","colluvium","argillite",TRUE,"8161",722381.298292953,4249103.05015847,TRUE
"430","365294","S2009SMM011",374609,"R09CA630SMM011",2009-07-15,10,723447.88,4249268.6,-120.442497253418,38.3636093139648,"NAD83",NA,"Sue Malone","laboratory sampling site","taxadjunct to the series","10N0455",1,NA,NA,NA,NA,NA,960,32,314,NA,NA,NA,NA,NA,NA,NA,"backslope",NA,"convex","linear","simple","well",NA,"mountainflank, center third",NA,"convex / linear",2015-12-28 00:00:00,"Andrew Paolucci","correlated","Jocal",NA,"taxadjunct","tentative","fine-loamy","alfisols","xeralfs","haploxeralfs","ultic haploxeralfs","twelfth edition",0,"xeric","mesic",NA,28,78,"most recent",NA,NA,NA,NA,NA,FALSE,TRUE,TRUE,FALSE,FALSE,FALSE,FALSE,FALSE,FALSE,FALSE,FALSE,FALSE,FALSE,FALSE,FALSE,FALSE,FALSE,FALSE,FALSE,FALSE,FALSE,FALSE,FALSE,FALSE,FALSE,FALSE,FALSE,0,0,0,0,0,0,0,0,0,"mountain slope","colluvium","metasedimentary, unspecified",TRUE,"8287",723445.901051792,4249255.790609,TRUE
"432","365296","S2009SMM006",374606,"R09CA630SMM006",2009-05-13,10,725362.08,4248617.96,-120.420829772949,38.3574981689453,"NAD83",NA,"Sue Malone","laboratory sampling site","correlates to named soil","10N0452",1,NA,NA,NA,NA,NA,957,38,310,"Sierra Mixed Conifer SMC1",NA,NA,NA,201,"metasedimentary rock, unspecified","moderately","backslope","middle third","linear","linear","simple","well",NA,"mountainflank, center third",NA,"linear / linear",2015-12-28 00:00:00,"Andrew Paolucci","correlated","Nedsgulch",NA,"series","tentative","fine-loamy","alfisols","xeralfs","palexeralfs","ultic palexeralfs","twelfth edition",0,"xeric","mesic",NA,70,120,"most recent",NA,NA,NA,NA,NA,FALSE,TRUE,TRUE,TRUE,FALSE,FALSE,FALSE,FALSE,FALSE,FALSE,FALSE,FALSE,FALSE,FALSE,FALSE,FALSE,FALSE,FALSE,FALSE,FALSE,FALSE,FALSE,FALSE,FALSE,FALSE,FALSE,FALSE,0,0,0,0,0,0,0,0,0,"mountain slope","colluvium & residuum","NA & metasedimentary, unspecified",TRUE,"8162",725358.219843898,4248630.26142049,TRUE
"433","365297","S09CA009005",374257,"S2009CA630SMM021",2009-08-04,10,726686.77,4243838.33,-120.4072265625,38.3138885498047,"NAD83",NA,"Sue Malone","laboratory sampling site",NA,"10N0443",1,NA,NA,NA,NA,NA,1057,10,180,"Sierran Mixed Conifer SMC2",NA,NA,NA,NA,NA,NA,"summit",NA,"convex","linear","simple","well",NA,"mountainflank, upper third",NA,"convex / linear",2018-03-20 00:00:00,"Andrew Paolucci","correlated","Redapple",NA,"taxadjunct","tentative","fine-loamy","ultisols","humults","haplohumults","xeric haplohumults","twelfth edition",0,"xeric","mesic",NA,40,90,"most recent",NA,NA,NA,NA,NA,FALSE,TRUE,TRUE,FALSE,FALSE,FALSE,FALSE,FALSE,FALSE,FALSE,FALSE,FALSE,FALSE,FALSE,FALSE,FALSE,FALSE,FALSE,FALSE,FALSE,FALSE,FALSE,FALSE,FALSE,FALSE,FALSE,FALSE,0,0,0,0,0,0,0,0,0,"erosion remnant & ridge","volcanic ash & colluvium","NA & volcanic breccia, unspecified",TRUE,"4040",726683.623530487,4243823.5820669,TRUE
"436","365300","S2009CKS040",374600,"R09CA630CKS040",2009-07-16,10,715958.22,4249039.69,-120.528053283691,38.3636093139648,"NAD83",NA,"Chris Savastio","laboratory sampling site","correlates to named soil","10N0462",1,NA,NA,NA,NA,NA,2621,33,340,NA,NA,NA,NA,NA,NA,NA,"backslope",NA,"linear","linear","simple","well",NA,"mountainflank, upper third",NA,"linear / linear",2015-12-28 00:00:00,"Andrew Paolucci","correlated","Nedsgulch",NA,"series","tentative","fine-loamy","alfisols","xeralfs","palexeralfs","ultic palexeralfs","twelfth edition",0,"xeric","mesic",NA,14,64,"most recent",NA,NA,NA,NA,NA,FALSE,TRUE,TRUE,FALSE,FALSE,FALSE,FALSE,FALSE,FALSE,FALSE,FALSE,FALSE,FALSE,FALSE,FALSE,FALSE,FALSE,FALSE,FALSE,FALSE,FALSE,FALSE,FALSE,FALSE,FALSE,FALSE,FALSE,0,0,0,0,0,0,0,0,0,"mountain slope","colluvium & residuum","metasedimentary, unspecified",TRUE,"8162",715969.884264878,4249052.00852194,TRUE
"437","365301","S2009CKS043",374602,"R09CA630CKS043",2009-07-21,10,716729.09,4248506.11,-120.519439697266,38.3586082458496,"NAD83",NA,"Chris Savastio","laboratory sampling site","taxadjunct to the series","10N0463",1,NA,NA,NA,NA,NA,2643,9,280,NA,NA,NA,NA,NA,NA,NA,"shoulder",NA,"linear","linear","simple","well",NA,"mountaintop",NA,"linear / linear",2015-12-24 00:00:00,"Andrew Paolucci","correlated","Sites",NA,"taxadjunct","tentative","fine","alfisols","xeralfs","haploxeralfs","ultic haploxeralfs","twelfth edition",0,"xeric","mesic","not used",21,71,"most recent",NA,NA,NA,NA,NA,FALSE,TRUE,TRUE,FALSE,FALSE,FALSE,FALSE,FALSE,FALSE,FALSE,FALSE,FALSE,FALSE,FALSE,FALSE,FALSE,FALSE,FALSE,FALSE,FALSE,FALSE,FALSE,FALSE,FALSE,FALSE,FALSE,FALSE,0,0,0,0,0,0,0,0,0,"mountain slope","colluvium & residuum","metasedimentary, unspecified",TRUE,"8160",716736.795823952,4248517.58821423,TRUE
"438","365302","S2009CKS044",374603,"R09CA630CKS044",2009-07-21,10,717775.87,4245191.01,-120.508613586426,38.3283309936523,"NAD83",NA,"Chris Savastio","laboratory sampling site","correlates to named soil","10N0466",1,NA,NA,NA,NA,NA,2835,18,270,NA,NA,NA,NA,181,"schist, unspecified","moderately","backslope",NA,"linear","linear","simple","well",NA,"mountainflank, lower third",NA,"linear / linear",2015-12-30 00:00:00,"Andrew Paolucci","correlated","Nedsgulch",NA,"series","tentative","fine-loamy","alfisols","xeralfs","palexeralfs","ultic palexeralfs","twelfth edition",0,"xeric","mesic",NA,34,84,"most recent",NA,NA,NA,NA,NA,FALSE,TRUE,TRUE,TRUE,FALSE,TRUE,FALSE,FALSE,FALSE,FALSE,FALSE,FALSE,FALSE,FALSE,FALSE,FALSE,FALSE,FALSE,FALSE,FALSE,FALSE,FALSE,FALSE,FALSE,FALSE,FALSE,FALSE,0,0,0,0,0,0,0,0,0,"mountain slope","colluvium & residuum","schist, unspecified",TRUE,"8161",717774.224858516,4245182.83121733,TRUE
"439","365303","S2009CKS049",374604,"R09CA630CKS049",2009-08-03,10,716488.15,4236579.28,-120.525825500488,38.2511100769043,"NAD83",NA,"Chris Savastio","laboratory sampling site","taxadjunct to the series","10N0464",1,NA,NA,NA,NA,NA,2598,45,170,NA,NA,NA,NA,NA,NA,NA,"backslope",NA,"linear","linear","simple","well","side slope",NA,NA,"linear / linear",2015-12-28 00:00:00,"Andrew Paolucci","correlated","Nedsgulch",NA,"taxadjunct","established","fine-loamy","ultisols","xerults","haploxerults","typic haploxerults","twelfth edition",0,"xeric","mesic",NA,16,66,"most recent",NA,NA,NA,NA,NA,FALSE,TRUE,TRUE,FALSE,FALSE,FALSE,FALSE,FALSE,FALSE,FALSE,FALSE,FALSE,FALSE,FALSE,FALSE,FALSE,FALSE,FALSE,FALSE,FALSE,FALSE,FALSE,FALSE,FALSE,FALSE,FALSE,FALSE,0,0,0,0,0,0,0,0,0,"hillslope","colluvium & residuum","metasedimentary, unspecified",TRUE,"8173",716498.304283133,4236571.8140551,TRUE
"440","365304","S2009CKS054",374605,"R09CA630CKS054",2009-08-18,10,718102.4,4248955.91,-120.503608703613,38.3622207641602,"NAD83",NA,"Chris Savastio","laboratory sampling site","correlates to named soil","10N0465",1,NA,NA,NA,NA,NA,2239,35,345,NA,NA,NA,NA,NA,NA,NA,"backslope",NA,"linear","linear","simple","well",NA,"mountainflank, lower third",NA,"linear / linear",2016-02-19 00:00:00,"Andrew Paolucci","correlated","Nedsgulch",NA,"series","tentative","fine-loamy","alfisols","xeralfs","palexeralfs","ultic palexeralfs","twelfth edition",0,"xeric","mesic","not used",14,64,"most recent",NA,NA,NA,NA,NA,FALSE,TRUE,TRUE,FALSE,FALSE,FALSE,FALSE,FALSE,FALSE,FALSE,FALSE,FALSE,FALSE,FALSE,FALSE,FALSE,FALSE,FALSE,FALSE,FALSE,FALSE,FALSE,FALSE,FALSE,FALSE,FALSE,FALSE,0,0,0,0,0,0,0,0,0,"mountain slope","colluvium & residuum","metasedimentary, unspecified",TRUE,"8162",718110.049777122,4248955.42295822,TRUE
"442","366597","S2009BJM035",374598,"R09CA630BJM035",2009-04-02,10,743030.91,4189986.12,-120.238609313965,37.8250007629395,"NAD83",NA,"Ben Marshall","laboratory sampling site","correlates to named soil","10N0461",1,NA,NA,NA,NA,NA,1007,20,180,"Sierra Mixed Conifers",NA,NA,NA,60,"phyllite","strongly","toeslope",NA,"linear","linear","simple","well","side slope","mountainflank, lower third",NA,"linear / linear",2015-01-29 00:00:00,"Theresa Kunch","correlated","Mariposa",NA,"series","established","fine-loamy","ultisols","xerults","haploxerults","typic haploxerults","twelfth edition",0,"xeric","mesic",NA,11,60,"most recent",NA,NA,NA,NA,NA,FALSE,TRUE,TRUE,FALSE,FALSE,TRUE,FALSE,FALSE,FALSE,FALSE,FALSE,FALSE,FALSE,FALSE,FALSE,FALSE,FALSE,FALSE,FALSE,FALSE,FALSE,FALSE,FALSE,FALSE,FALSE,FALSE,FALSE,0,0,0,0,0,15,0,0,0,"mountain slope","residuum","phyllite",TRUE,"8161",743041.257486464,4189992.01106301,TRUE
"461","374215","09CKS020",374499,"09CA630CKS020",2009-05-19,10,717719.57,4201524.9,-120.522499084473,37.9352798461914,"NAD83",NA,"Chris Savastio","full pedon description","correlates to named soil",NA,0,NA,NA,NA,NA,NA,323,24,200,"blue oak woodland",NA,NA,NA,82,"metavolcanics","indurated","backslope",NA,"linear","concave","simple","well","side slope",NA,NA,"linear / concave",2012-02-09 18:35:24,NA,"correlated","Gopheridge",NA,"series",NA,"loamy-skeletal","alfisols","xeralfs","haploxeralfs","ultic haploxeralfs",NA,0,"xeric","thermic","not used",17,66,"most recent","F018XI201CA","Thermic Foothills 22-31 PZ",2016-05-17,"David Evans","least missing data",FALSE,TRUE,TRUE,FALSE,TRUE,FALSE,FALSE,FALSE,FALSE,FALSE,FALSE,FALSE,FALSE,FALSE,FALSE,FALSE,FALSE,FALSE,FALSE,FALSE,FALSE,FALSE,FALSE,FALSE,FALSE,FALSE,FALSE,0,0,0,0,0,0,0,0,0,"hillslope","colluvium & residuum","metavolcanics",TRUE,"7088",717725.709516926,4201529.1441731,TRUE
"465","374219","09CKS024",374503,"09CA630CKS024",2009-05-26,10,717695.2,4202113.82,-120.522773742676,37.9405555725098,"NAD83",NA,"Chris Savastio","full pedon description","correlates to named soil",NA,0,NA,NA,NA,NA,NA,439,50,185,"blue oak woodland",NA,NA,NA,93,"metavolcanics","weakly","backslope",NA,"linear","linear","simple","well","nose slope",NA,NA,"linear / linear",2012-01-24 23:28:58,NA,"correlated","Loafercreek",NA,"series",NA,"fine-loamy","alfisols","xeralfs","haploxeralfs","ultic haploxeralfs",NA,0,"xeric","thermic","not used",8,58,"most recent",NA,NA,NA,NA,NA,FALSE,TRUE,TRUE,FALSE,TRUE,TRUE,FALSE,FALSE,FALSE,FALSE,FALSE,FALSE,FALSE,FALSE,FALSE,FALSE,FALSE,FALSE,FALSE,FALSE,FALSE,FALSE,FALSE,FALSE,FALSE,FALSE,FALSE,0,0,0,0,0,0,0,0,0,"hillslope","colluvium & residuum","metavolcanics",TRUE,"7088",717686.000577712,4202113.99172813,TRUE
"472","374226","09CKS031",374510,"09CA630CKS031",2009-06-09,10,712200.49,4208636.66,-120.583335876465,38.0005569458008,"NAD83",NA,"Chris Savastio","full pedon description","undefined observation",NA,0,NA,NA,NA,NA,NA,560,35,185,NA,NA,NA,NA,89,"slate","strongly","backslope",NA,"concave","convex","simple","well","head slope",NA,NA,"concave / convex",2018-06-29 00:00:00,"Theresa Kunch","correlated","Saddlemod",NA,"taxadjunct","tentative","loamy-skeletal","alfisols","xeralfs","haploxeralfs","typic haploxeralfs","twelfth edition",0,NA,"thermic",NA,6,56,"most recent","F015XI200CA","Blue Oak Woodland (DRAFT)  17-19"" p.z.",2016-05-17,"David Evans","least missing data",FALSE,TRUE,TRUE,FALSE,TRUE,FALSE,FALSE,FALSE,FALSE,FALSE,FALSE,FALSE,FALSE,FALSE,FALSE,FALSE,FALSE,FALSE,FALSE,FALSE,FALSE,FALSE,FALSE,FALSE,FALSE,FALSE,FALSE,0,0,0,0,0,0,0,0,0,"hillslope","colluvium & colluvium & residuum","metavolcanics & slate",TRUE,"7088",712190.415891877,4208632.82900669,TRUE
"497","374319","S2009BJM052",374599,"R09CA630BJM052",2009-05-15,10,746662.78,4185159.57,-120.199165344238,37.7805557250977,"NAD83",NA,"Ben Marshall","full pedon description","correlates to named soil","10N0457",0,NA,NA,NA,NA,NA,919,60,30,"Sierra Mixed Conifers",NA,NA,NA,60,"phyllite","strongly","backslope",NA,"linear","concave","simple","well","nose slope",NA,NA,"linear / concave",2009-05-15 00:00:00,NA,"sampled as","Marpatutu",NA,NA,NA,"loamy-skeletal","alfisols","xeralfs","haploxeralfs","ultic haploxeralfs",NA,0,"xeric","mesic",NA,11,60,"single record",NA,NA,NA,NA,NA,FALSE,TRUE,TRUE,FALSE,FALSE,TRUE,FALSE,FALSE,FALSE,FALSE,FALSE,FALSE,FALSE,FALSE,FALSE,FALSE,FALSE,FALSE,FALSE,FALSE,FALSE,FALSE,FALSE,FALSE,FALSE,FALSE,FALSE,0,0,0,0,0,5,0,0,0,"mountain slope","colluvium & residuum","phyllite",TRUE,"8194",746661.485415375,4185162.86510696,TRUE
"504","374326","S2009SMM007",374607,"R09CA630SMM007",2009-07-14,10,725960.35,4248330.43,-120.414169311523,38.3547210693359,"NAD83",NA,"Sue Malone","full pedon description","representative pedon for component","10N0453",0,NA,NA,NA,NA,NA,962,42,140,"Sierran Mixed Conifer SMC3",NA,NA,NA,168,"argillite","very strongly","backslope",NA,"convex","convex","simple","well",NA,"mountainflank, lower third",NA,"convex / convex",2009-07-14 00:00:00,NA,"sampled as","Schaad warm",NA,NA,NA,"fine-loamy","alfisols","xeralfs","palexeralfs","ultic palexeralfs",NA,0,"xeric","mesic",NA,41,91,"single record",NA,NA,NA,NA,NA,FALSE,TRUE,TRUE,FALSE,FALSE,TRUE,FALSE,FALSE,FALSE,FALSE,FALSE,FALSE,FALSE,FALSE,FALSE,FALSE,FALSE,FALSE,FALSE,FALSE,FALSE,FALSE,FALSE,FALSE,FALSE,FALSE,FALSE,0,0,0,0,0,0,0,0,0,"mountain slope","colluvium & residuum","NA & argillite",TRUE,"8162",725948.918701801,4248338.33673079,TRUE
"507","374329","S2009SMM014",374610,"R09CA630SMM014",2009-07-21,6,727836.69,4245339.83,-120.393608093262,38.327220916748,"NAD83",NA,"Sue Malone","full pedon description","correlates to named soil","10N0456",0,NA,NA,NA,NA,NA,1227,45,180,"Sierran Mixed Conifer - SMC5",NA,NA,NA,61,"argillite","very strongly","backslope",NA,"convex","convex","complex","well",NA,"mountainflank, center third",NA,"convex / convex",2009-07-21 00:00:00,NA,"sampled as","SND",NA,"series",NA,"loamy-skeletal","alfisols","xeralfs","haploxeralfs","ultic haploxeralfs",NA,0,"xeric","mesic",NA,18,61,"single record",NA,NA,NA,NA,NA,FALSE,TRUE,TRUE,FALSE,TRUE,FALSE,FALSE,FALSE,FALSE,FALSE,FALSE,FALSE,FALSE,FALSE,FALSE,FALSE,FALSE,FALSE,FALSE,FALSE,FALSE,FALSE,FALSE,FALSE,FALSE,FALSE,FALSE,0,0,0,0,0,0,0,0,0,"mountain slope","colluvium & residuum","NA & argillite",TRUE,"8287",727832.023613942,4245336.7786378,TRUE
"514","385343","09BJM012",385160,"09CA630BJM012",2008-10-30,10,728985.19,4204986.98,-120.393333435059,37.9636116027832,"NAD83",NA,"Ben Marshall","soil survey inventory","correlates to named soil",NA,0,NA,NA,NA,NA,NA,517,23,354,"Mixed Hardwood Conifer Forest",NA,NA,NA,114,"metasedimentary rock, unspecified","strongly","backslope",NA,"linear","linear","complex","well","side slope","mountainflank, center third",NA,"linear / linear",2016-05-17 00:00:00,NA,"correlated","Wardsferry",NA,"series","tentative","fine-loamy","alfisols","xeralfs","haploxeralfs","ultic haploxeralfs","ninth edition",0,"xeric","thermic",NA,8,58,"most recent","F018XI204CA","Pinus ponderosa-Quercus kelloggii/Arctostaphylos-Toxicodendron diversilobum/Galium-Bromus carinatus",2016-05-17,"David Evans","least missing data",FALSE,TRUE,TRUE,FALSE,FALSE,TRUE,FALSE,FALSE,FALSE,FALSE,FALSE,FALSE,FALSE,FALSE,FALSE,FALSE,FALSE,FALSE,FALSE,FALSE,FALSE,FALSE,FALSE,FALSE,FALSE,FALSE,FALSE,0,0,0,0,0,0,0,0,0,"hillslope","colluvium","metasedimentary, unspecified",TRUE,"7211",728990.794562976,4204983.26159798,TRUE
"532","385426","R11CA109001",385256,"09CA630BJM048",2009-04-30,10,745344.97,4184353.08,-120.21443939209,37.773609161377,"NAD83",NA,"Ben Marshall","laboratory sampling site","taxadjunct to the series","11N6750",1,NA,NA,NA,NA,NA,710,22,240,"Mixed Chapparel Live Oak ADFA1",NA,NA,NA,105,"diorite","moderately","toeslope",NA,"linear","linear","simple","well","side slope",NA,NA,"linear / linear",2015-12-23 00:00:00,"Andrew Paolucci","correlated","Flanly",NA,"taxadjunct","established","coarse-loamy","alfisols","xeralfs","haploxeralfs","typic haploxeralfs","twelfth edition",0,"xeric","thermic",NA,30,62,"most recent","R018XI106CA","Shallow Thermic Steep Hillslopes PZ 27-33",2017-03-14,"David Evans","most recent",FALSE,TRUE,TRUE,TRUE,FALSE,TRUE,FALSE,FALSE,FALSE,FALSE,FALSE,FALSE,FALSE,FALSE,FALSE,FALSE,FALSE,FALSE,FALSE,TRUE,FALSE,FALSE,FALSE,FALSE,FALSE,FALSE,FALSE,0,0,0,0,0,0,0,0,2,"hillslope","residuum","diorite",TRUE,"6078",745338.603645444,4184351.91943197,TRUE
"564","425293","10MJE005",428037,"10CA630MJE005",2010-03-11,10,716471,4210399,-120.534088134766,38.0154495239258,"NAD83",NA,"Meghan Euliano","laboratory sampling site","correlates to named soil","10N0896",1,NA,NA,NA,NA,NA,382,39,250,"Blue Oak Woodland",NA,NA,NA,71,"greenstone","moderately","backslope",NA,"convex","linear","simple","well","side slope",NA,NA,"convex / linear",2015-12-24 00:00:00,"Andrew Paolucci","correlated","Loafercreek",NA,"series","tentative","fine-loamy","alfisols","xeralfs","haploxeralfs","ultic haploxeralfs","twelfth edition",0,"xeric","thermic",NA,21,71,"most recent","F018XI201CA","Thermic Foothills 22-31 PZ",2016-05-17,"David Evans","least missing data",FALSE,TRUE,TRUE,FALSE,FALSE,TRUE,FALSE,FALSE,FALSE,FALSE,FALSE,FALSE,FALSE,FALSE,FALSE,FALSE,FALSE,FALSE,FALSE,FALSE,FALSE,FALSE,FALSE,FALSE,FALSE,FALSE,FALSE,0,0,0,0,0,0,0,0,0,"hillslope","colluvium & residuum","NA & greenstone",TRUE,"7088",716471.021478626,4210399.13589266,TRUE
"590","463683","09BAH002",468627,"09CA630BAH002",2009-05-12,10,745806.51,4185499.19,-120.208885192871,37.7838897705078,"NAD83",NA,"Bev Harben","soil survey inventory","taxadjunct to the series",NA,0,NA,NA,NA,NA,NA,1011,45,210,"Live Oak Mixed Chapparal",NA,NA,NA,NA,"phyllite",NA,"backslope",NA,"linear","linear","simple","well","side slope",NA,NA,"linear / linear",2012-01-24 00:00:00,NA,"correlated","Lickinfork","Warm","taxadjunct",NA,"loamy-skeletal","alfisols","xeralfs","palexeralfs","ultic palexeralfs",NA,0,"xeric","thermic",NA,25,100,"most recent","F022AI202CA","Mesic Lower Montane Cool Drainages 40 - 47 PZ",2016-05-17,"David Evans","least missing data",FALSE,TRUE,TRUE,FALSE,FALSE,FALSE,FALSE,FALSE,FALSE,FALSE,FALSE,FALSE,FALSE,FALSE,FALSE,FALSE,FALSE,FALSE,FALSE,FALSE,FALSE,FALSE,FALSE,FALSE,FALSE,FALSE,FALSE,0,0,0,0,0,0,5,0,0,"hillslope","colluvium","phyllite",TRUE,"8175",745794.25889983,4185507.27028563,TRUE
"596","463689","09BAH005",468633,"09CA630BAH005",2009-06-02,10,716298.23,4204494.65,-120.537780761719,37.9622230529785,"NAD83",NA,"Bev Harben","soil survey inventory","correlates to named soil",NA,0,NA,NA,NA,NA,NA,444,12,230,"Blue Oak Woodland/Grassland",NA,NA,NA,80,"metavolcanics","indurated","backslope",NA,"linear","linear","simple","well","side slope",NA,NA,"linear / linear",2016-01-28 00:00:00,"Andrew Paolucci","correlated","Gopheridge",NA,"series","tentative","loamy-skeletal","alfisols","xeralfs","haploxeralfs","ultic haploxeralfs","twelfth edition",0,"xeric","thermic",NA,22,59,"most recent",NA,NA,NA,NA,NA,FALSE,TRUE,TRUE,FALSE,FALSE,TRUE,FALSE,FALSE,FALSE,FALSE,FALSE,FALSE,FALSE,FALSE,FALSE,FALSE,FALSE,FALSE,FALSE,FALSE,FALSE,FALSE,FALSE,FALSE,FALSE,FALSE,FALSE,0,5,2,1,1,0,0,0,0,"hillslope","colluvium & residuum","NA & metavolcanics",TRUE,"7088",716303.463718766,4204483.59415339,TRUE
"597","463690","09BAH006",468634,"09CA630BAH006",2009-06-02,10,716338.03,4204595.62,-120.537498474121,37.9633331298828,"NAD83",NA,"Bev Harben","soil survey inventory","correlates to named soil",NA,0,NA,NA,NA,NA,NA,442,32,248,"Grassland",NA,NA,NA,59,"metavolcanics","moderately","backslope",NA,"convex","convex","complex","well","side slope",NA,NA,"convex / convex",2016-01-28 00:00:00,"Andrew Paolucci","correlated","Loafercreek",NA,"series","tentative","fine-loamy","alfisols","xeralfs","haploxeralfs","ultic haploxeralfs","twelfth edition",0,"xeric","thermic",NA,18,59,"most recent",NA,NA,NA,NA,NA,FALSE,TRUE,TRUE,FALSE,FALSE,TRUE,FALSE,FALSE,FALSE,FALSE,FALSE,FALSE,FALSE,FALSE,FALSE,FALSE,FALSE,FALSE,FALSE,FALSE,FALSE,FALSE,FALSE,FALSE,FALSE,FALSE,FALSE,0,2,5,0,2,0,0,0,0,"hillslope","colluvium & residuum","NA & metavolcanics",TRUE,"7088",716325.008430876,4204607.4342229,TRUE
"598","463691","09BAH007",468635,"09CA630BAH007",2009-06-03,10,716737.34,4203035.8,-120.533332824707,37.9491691589355,"NAD83",NA,"Bev Harben","full pedon description",NA,NA,0,NA,NA,NA,NA,NA,307,40,252,"Blue Oak Woodland",NA,NA,NA,58,"metavolcanics","indurated","backslope","middle third","convex","convex","complex","well","nose slope",NA,NA,"convex / convex",2017-03-31 00:00:00,"Cathy Scott","correlated","Gopheridge",NA,"series","tentative","loamy-skeletal","alfisols","xeralfs","haploxeralfs","ultic haploxeralfs","twelfth edition",0,"xeric","thermic",NA,18,58,"most recent","F018XI200CA","Low Elevation Foothills 18-25 PZ",2016-04-28,"Andrew Paolucci","least missing data",FALSE,TRUE,TRUE,FALSE,TRUE,FALSE,FALSE,FALSE,FALSE,FALSE,FALSE,FALSE,FALSE,FALSE,FALSE,FALSE,FALSE,FALSE,FALSE,FALSE,FALSE,FALSE,FALSE,FALSE,FALSE,FALSE,FALSE,0,0,0,10,0,0,0,0,0,"hillslope","colluvium & residuum","NA & metavolcanics",TRUE,"7096",716732.658434471,4203045.26486033,TRUE
"599","477042","10CKS015",416596,"10CA630CKS015",2010-05-19,10,729955.42,4194694.17,-120.385551452637,37.8708305358887,"NAD83",NA,"Chris Savastio","full pedon description","correlates to named soil",NA,0,NA,NA,NA,NA,NA,396.399993896484,37,220,NA,NA,NA,NA,80,"metavolcanics","weakly","backslope",NA,"linear","linear","simple","well","side slope",NA,NA,"linear / linear",2012-02-09 18:13:01,NA,"correlated","Loafercreek",NA,"series",NA,"fine-loamy","alfisols","xeralfs","haploxeralfs","ultic haploxeralfs","tenth edition",0,"xeric","thermic","not used",6,56,"most recent","F018XI201CA","Thermic Foothills 22-31 PZ",2017-04-12,NA,"least missing data",FALSE,TRUE,TRUE,FALSE,TRUE,TRUE,FALSE,FALSE,FALSE,FALSE,FALSE,FALSE,FALSE,FALSE,FALSE,FALSE,FALSE,FALSE,FALSE,FALSE,FALSE,FALSE,FALSE,FALSE,FALSE,FALSE,FALSE,0,0,0,0,0,0,0,0,0,"hillslope","colluvium & residuum","metavolcanics",TRUE,"7088",729963.470724364,4194705.68195229,TRUE
"602","477045","10CKS018",416599,"10CA630CKS018",2010-05-19,10,729664.42,4194359.13,-120.389167785645,37.8677749633789,"NAD83",NA,"Chris Savastio","full pedon description","correlates to named soil",NA,0,NA,NA,NA,NA,NA,388.799987792969,35,230,NA,NA,NA,NA,109,"metavolcanics","indurated","backslope",NA,"linear","linear","simple","well","side slope",NA,NA,"linear / linear",2012-02-09 18:13:01,NA,"correlated","Motherlode",NA,"series",NA,"fine-loamy","alfisols","xeralfs","haploxeralfs","ultic haploxeralfs","tenth edition",0,"xeric","thermic","not used",7,57,"most recent","F018XI201CA","Thermic Foothills 22-31 PZ",2017-04-12,NA,"least missing data",FALSE,TRUE,TRUE,FALSE,TRUE,FALSE,FALSE,FALSE,FALSE,FALSE,FALSE,FALSE,FALSE,FALSE,FALSE,FALSE,FALSE,FALSE,FALSE,FALSE,FALSE,FALSE,FALSE,FALSE,FALSE,FALSE,FALSE,0,0,0,0,0,0,0,0,0,"hillslope","colluvium & residuum","metavolcanics",TRUE,"7088",729654.822815989,4194357.67615773,TRUE
"609","477053","10CKS028",416607,"10CA630CKS028",2010-07-22,10,725971.18,4200836.71,-120.428886413574,37.9269409179688,"NAD83",NA,"Chris Savastio","full pedon description","correlates to named soil",NA,0,NA,NA,NA,NA,NA,428.100006103516,15,205,NA,NA,NA,NA,46,"slate","strongly","backslope",NA,"convex","linear","simple","well","nose slope",NA,NA,"convex / linear",2012-02-09 00:00:00,NA,"correlated","Copperopolis",NA,"series",NA,"loamy-skeletal","inceptisols","xerepts","haploxerepts","lithic haploxerepts","tenth edition",0,"xeric","thermic",NA,25,46,"most recent",NA,NA,NA,NA,NA,FALSE,FALSE,TRUE,TRUE,TRUE,FALSE,FALSE,FALSE,FALSE,FALSE,FALSE,FALSE,FALSE,FALSE,FALSE,FALSE,FALSE,FALSE,FALSE,FALSE,FALSE,FALSE,FALSE,FALSE,FALSE,FALSE,FALSE,0,0,0,0,0,0,0,0,0,"hillslope","colluvium & residuum","slate",TRUE,"DAM",725979.384906868,4200826.71363135,TRUE
"613","477057","10CKS032",416611,"10CA630CKS032",2010-08-30,10,729034.43,4191009.46,-120.397216796875,37.837776184082,"NAD83",NA,"Chris Savastio","full pedon description","correlates to named soil",NA,0,NA,NA,NA,NA,NA,365.799987792969,37,175,NA,NA,NA,NA,70,"metavolcanics","weakly","backslope",NA,"linear","linear","complex","well","side slope",NA,NA,"linear / linear",2012-02-09 18:10:09,NA,"correlated","Loafercreek",NA,"series",NA,"fine-loamy","alfisols","xeralfs","haploxeralfs","ultic haploxeralfs","tenth edition",0,"xeric","thermic","not used",8,58,"most recent","F018XI201CA","Thermic Foothills 22-31 PZ",2016-05-17,"David Evans","least missing data",FALSE,TRUE,TRUE,FALSE,FALSE,TRUE,FALSE,FALSE,FALSE,FALSE,FALSE,FALSE,FALSE,FALSE,FALSE,FALSE,FALSE,FALSE,FALSE,FALSE,FALSE,FALSE,FALSE,FALSE,FALSE,FALSE,FALSE,0,1,3,5,0,0,0,0,0,"hillslope","colluvium & residuum","metavolcanics",TRUE,"7088",729039.561065112,4191008.68427161,TRUE
"624","477069","10CKS006",416623,"10CA630CKS006",2010-03-22,10,725553.6,4203315.7,-120.432945251465,37.9494171142578,"WGS84",NA,"Chris Savastio","soil survey inventory","taxadjunct to the series",NA,0,NA,NA,NA,NA,NA,444.600006103516,12,70,NA,NA,NA,NA,33,"schist, unspecified","strongly","backslope",NA,"convex","convex","complex","well","nose slope",NA,NA,"convex / convex",2015-11-19 00:00:00,"Andrew Paolucci","correlated","Hetchy","Shallow","taxadjunct","tentative","loamy-skeletal","alfisols","xeralfs","haploxeralfs","lithic haploxeralfs","twelfth edition",0,"xeric","thermic",NA,1,33,"most recent","F018XI202CA","Deep Thermic Steep Hillslopes 28-35",2016-05-17,"David Evans","least missing data",FALSE,TRUE,TRUE,FALSE,TRUE,FALSE,FALSE,FALSE,FALSE,FALSE,FALSE,FALSE,FALSE,FALSE,FALSE,FALSE,FALSE,FALSE,FALSE,FALSE,FALSE,FALSE,FALSE,FALSE,FALSE,FALSE,FALSE,0,0,0,0,0,0,0,0,0,"hillslope","colluvium & residuum","schist, unspecified",TRUE,"1012",725553.597963176,4203315.72512195,TRUE
"628","482365","09AMS004",489709,"09CA630AMS004",2009-02-19,10,736963.23,4203744,-120.30305480957,37.9502792358398,"NAD83",NA,"Alison Steglich","soil survey inventory","correlates to named soil",NA,0,NA,NA,NA,NA,NA,727,12,315,NA,NA,NA,NA,NA,"granodiorite",NA,"backslope",NA,"concave","convex","simple","well","side slope",NA,NA,"concave / convex",2015-12-02 00:00:00,"Theresa Kunch","correlated","Sierra",NA,"series","established","fine-loamy","alfisols","xeralfs","haploxeralfs","ultic haploxeralfs","twelfth edition",0,"xeric","thermic",NA,29,79,"most recent",NA,NA,NA,NA,NA,FALSE,TRUE,TRUE,FALSE,FALSE,FALSE,FALSE,FALSE,FALSE,FALSE,FALSE,FALSE,FALSE,FALSE,FALSE,FALSE,FALSE,FALSE,FALSE,FALSE,FALSE,FALSE,FALSE,FALSE,FALSE,FALSE,FALSE,0,0,0,0,1,0,0,0,0,NA,"residuum","NA",TRUE,"6070",736965.883791959,4203729.61610409,TRUE
"638","488574","10MJE012N",495918,"10CA630MJE012N",2010-03-22,10,714801.48,4212881.24,-120.552223205566,38.0383338928223,"NAD83",NA,"Meghan Euliano","soil survey inventory","correlates to named soil",NA,0,NA,NA,NA,NA,NA,372,27,260,NA,NA,NA,NA,NA,NA,NA,"backslope",NA,"linear","linear","complex","well","side slope",NA,NA,"linear / linear",2012-02-09 00:00:00,NA,"correlated","Gardellones",NA,"series",NA,"loamy-skeletal","alfisols","xeralfs","haploxeralfs","ultic haploxeralfs","tenth edition",0,"xeric","thermic",NA,23,73,"most recent",NA,NA,NA,NA,NA,FALSE,TRUE,TRUE,TRUE,FALSE,FALSE,FALSE,FALSE,FALSE,FALSE,FALSE,FALSE,FALSE,FALSE,FALSE,FALSE,FALSE,FALSE,FALSE,FALSE,FALSE,FALSE,FALSE,FALSE,FALSE,FALSE,FALSE,0,0,15,0,0,0,0,0,0,"hill","colluvium & residuum","greenstone",TRUE,"7088",714812.223905434,4212896.66099357,TRUE
"647","488587","10MJE025",495931,"10CA630MJE025",2010-05-12,10,715813.19,4214558.41,-120.54027557373,38.0530548095703,"NAD83",NA,"Meghan Euliano","full pedon description","correlates to named soil",NA,0,NA,NA,NA,NA,NA,449,34,229,NA,NA,NA,NA,56,"greenstone","moderately","backslope",NA,"convex","convex","complex","well","side slope",NA,NA,"convex / convex",2012-02-09 18:01:54,NA,"correlated","Loafercreek",NA,"series",NA,"fine-loamy","alfisols","xeralfs","haploxeralfs","ultic haploxeralfs","tenth edition",0,"xeric","thermic",NA,19,56,"most recent",NA,NA,NA,NA,NA,FALSE,TRUE,TRUE,TRUE,FALSE,TRUE,FALSE,FALSE,FALSE,FALSE,FALSE,FALSE,FALSE,FALSE,FALSE,FALSE,FALSE,FALSE,FALSE,FALSE,FALSE,FALSE,FALSE,FALSE,FALSE,FALSE,FALSE,0,2,0,0,0,0,0,0,0,"hill","colluvium & residuum","metavolcanics",TRUE,"7088",715817.628317294,4214558.04326017,TRUE
"674","488633","10MJE076",495977,"10CA630MJE076",2010-08-26,10,711409.69,4211100.45,-120.59139251709,38.0230560302734,"NAD83",NA,"Meghan Euliano","full pedon description","correlates to named soil",NA,0,NA,NA,NA,NA,NA,834,NA,250,NA,NA,NA,NA,65,"greenstone","weakly","summit",NA,"linear","convex","complex","well","crest",NA,NA,"linear / convex",2012-02-07 19:09:20,NA,"correlated","Gopheridge",NA,"series",NA,"loamy-skeletal","alfisols","xeralfs","haploxeralfs","ultic haploxeralfs","tenth edition",0,"xeric","thermic",NA,23,65,"most recent","F018XI201CA","Thermic Foothills 22-31 PZ",2016-05-17,"David Evans","least missing data",FALSE,TRUE,TRUE,TRUE,FALSE,TRUE,FALSE,FALSE,FALSE,FALSE,FALSE,FALSE,FALSE,FALSE,FALSE,FALSE,FALSE,FALSE,FALSE,FALSE,FALSE,FALSE,FALSE,FALSE,FALSE,FALSE,FALSE,0,5,5,0,0,0,0,0,0,"hill","colluvium & residuum","greenstone",TRUE,"7088",711418.242722086,4211111.34101778,TRUE
"701","530629","10BJM041",540923,"10CA630BJM041",2010-07-21,10,703518.29,4209315.73,-120.681938171387,38.0086097717285,"NAD83",NA,"Ben Marshall","full pedon description","correlates to named soil",NA,0,NA,NA,NA,NA,NA,347.700012207031,35,190,"Blue Oak Woodland",NA,NA,NA,62,"greenstone","moderately","backslope",NA,"linear","linear","simple","well","side slope",NA,NA,"linear / linear",2017-04-11 00:00:00,NA,"correlated","Jasperpeak",NA,"taxadjunct",NA,"loamy-skeletal","alfisols","xeralfs","haploxeralfs","ultic haploxeralfs","twelfth edition",0,"xeric","thermic","shallow",8,40,"most recent",NA,NA,NA,NA,NA,FALSE,TRUE,TRUE,FALSE,TRUE,TRUE,FALSE,FALSE,FALSE,FALSE,FALSE,FALSE,FALSE,FALSE,FALSE,FALSE,FALSE,FALSE,FALSE,FALSE,FALSE,FALSE,FALSE,FALSE,FALSE,FALSE,FALSE,0,3,0,0,0,0,0,0,0,"hillslope","colluvium & residuum","greenstone",TRUE,"7088",703509.383949506,4209306.10284192,TRUE
"737","530691","10BJM058",540985,"10CA630BJM058",2010-02-18,10,698421.9,4221351.98,-120.736381530762,38.1183319091797,"NAD83",NA,"Ben Marshall","full pedon description","correlates to named soil",NA,0,NA,NA,NA,NA,NA,753.400024414062,10,205,"Lilve Oak woodland",NA,NA,NA,56,"metavolcanics","moderately","shoulder",NA,"linear","linear","simple","well","side slope","mountainflank, upper third",NA,"linear / linear",2017-04-11 00:00:00,"Julie Baker","correlated","Jasperpeak",NA,"taxadjunct",NA,"loamy-skeletal","alfisols","xeralfs","haploxeralfs","ultic haploxeralfs","twelfth edition",0,"xeric","thermic","shallow",20,38,"most recent",NA,NA,NA,NA,NA,FALSE,TRUE,TRUE,FALSE,TRUE,TRUE,FALSE,FALSE,FALSE,FALSE,FALSE,FALSE,FALSE,FALSE,FALSE,FALSE,FALSE,FALSE,FALSE,FALSE,FALSE,FALSE,FALSE,FALSE,FALSE,FALSE,FALSE,0,0,0,0,0,2,0,0,0,"hill","colluvium & residuum","NA & metavolcanics",TRUE,"7088",698432.290829546,4221364.67148156,TRUE
"743","530697","11PDM015",541006,"11CA630PDM015",2011-06-02,10,723168.98,4209366.84,-120.458053588867,38.0044441223145,"NAD83",NA,"Drew Mather","full pedon description","within range of map unit",NA,0,NA,NA,NA,NA,NA,463,47,313,NA,NA,NA,NA,78,"phyllite","indurated","backslope",NA,"linear","linear","simple","well","side slope",NA,NA,"linear / linear",2015-11-01 00:00:00,"Andrew Paolucci","correlated","Moccasinhill",NA,"taxadjunct","tentative","loamy-skeletal","mollisols","xerolls","haploxerolls","ultic haploxerolls","twelfth edition",0,"xeric","mesic",NA,27,78,"most recent",NA,NA,NA,NA,NA,FALSE,FALSE,FALSE,TRUE,TRUE,FALSE,TRUE,FALSE,FALSE,FALSE,FALSE,FALSE,FALSE,FALSE,FALSE,FALSE,FALSE,FALSE,FALSE,FALSE,FALSE,FALSE,FALSE,FALSE,FALSE,FALSE,FALSE,0,0,0,0,0,0,0,0,0,"hill","colluvium & residuum","phyllite",TRUE,"8176",723180.507133596,4209357.51437905,TRUE
"747","530703","11PDM003",540992,"11CA630PDM003",2011-01-24,10,727330.69,4215559.11,-120.40885925293,38.0592498779297,"NAD83",NA,"Drew Mather","soil survey inventory","taxadjunct to the series",NA,0,NA,NA,NA,NA,NA,680,17,347,NA,NA,NA,NA,NA,"schist, unspecified",NA,"backslope",NA,"linear","convex","complex","well","side slope",NA,NA,"linear / convex",2012-02-09 00:00:00,NA,"correlated","Wardsferry",NA,"taxadjunct","tentative","fine-loamy","alfisols","xeralfs","palexeralfs","ultic palexeralfs","twelfth edition",0,"xeric","thermic",NA,10,60,"most recent","F022AI201CA","Dry Mesic Foothills 33-45 PZ",2016-05-17,"David Evans","least missing data",FALSE,TRUE,TRUE,FALSE,FALSE,FALSE,FALSE,FALSE,FALSE,FALSE,FALSE,FALSE,FALSE,FALSE,FALSE,FALSE,FALSE,FALSE,FALSE,FALSE,FALSE,FALSE,FALSE,FALSE,FALSE,FALSE,FALSE,0,0,0,0,0,0,0,0,0,"hill","residuum","schist, unspecified",TRUE,"7211",727330.845901833,4215559.10475513,TRUE
"759","530715","11PDM024",541004,"11CA630PDM024",2011-10-04,10,729025,4209174,-120.391609191895,38.001335144043,"NAD83",NA,"Drew Mather","soil survey inventory","taxadjunct to the series",NA,0,NA,NA,NA,NA,NA,661,32,68,NA,NA,NA,NA,60,"schist, unspecified","indurated","backslope",NA,"convex","linear","complex","well","side slope",NA,NA,"convex / linear",2016-01-15 00:00:00,"Andrew Paolucci","correlated","Wallyhill",NA,"taxadjunct","tentative","fine-loamy","alfisols","xeralfs","rhodoxeralfs","inceptic rhodoxeralfs","twelfth edition",0,"xeric","mesic",NA,26,60,"most recent",NA,NA,NA,NA,NA,FALSE,TRUE,TRUE,FALSE,TRUE,FALSE,FALSE,FALSE,FALSE,FALSE,FALSE,FALSE,FALSE,FALSE,FALSE,FALSE,FALSE,FALSE,FALSE,FALSE,FALSE,FALSE,FALSE,FALSE,FALSE,FALSE,FALSE,0,9,1,0,0,0,0,0,0,"hill","colluvium & residuum","schist, unspecified",TRUE,"9016",729024.911600719,4209174.05545281,TRUE
"783","530753","11BJM034",541043,"11CA630BJM034",2011-07-20,10,723038.2,4176248.69,-120.470001220703,37.7063903808594,"NAD83",NA,"Ben Marshall","full pedon description","undefined observation",NA,0,NA,NA,NA,NA,NA,184,4,62,NA,NA,NA,NA,NA,NA,NA,"backslope",NA,"convex","convex","complex","well","side slope",NA,NA,"convex / convex",2018-01-11 00:00:00,"julie baker","correlated","Red Bluff",NA,"taxadjunct",NA,"fine-loamy","alfisols","xeralfs","palexeralfs","ultic palexeralfs","twelfth edition",0,"xeric","thermic","not used",12,62,"most recent",NA,NA,NA,NA,NA,FALSE,TRUE,TRUE,FALSE,FALSE,FALSE,FALSE,FALSE,FALSE,FALSE,FALSE,FALSE,FALSE,FALSE,FALSE,FALSE,FALSE,FALSE,FALSE,FALSE,FALSE,FALSE,FALSE,FALSE,FALSE,FALSE,FALSE,0,3,0,0,0,0,0,0,0,"hill","alluvium","mixed",TRUE,"5101",723028.248498003,4176252.01030105,TRUE
"813","533240","SO4-hwy49-717",543734,"SO4-hwy49-717",2008-08-06,10,725452.24,4196473.01,-120.436241149902,37.8878707885742,"NAD83",NA,"DGM","laboratory sampling site","taxadjunct to the series","UCDO4HY49717",1,NA,NA,NA,NA,NA,318,5,90,NA,NA,NA,NA,NA,NA,NA,"summit",NA,NA,NA,NA,NA,NA,NA,NA,NA,2015-12-30 00:00:00,"Andrew Paolucci","correlated","Redding",NA,"taxadjunct","established","fine","alfisols","xeralfs","durixeralfs","haplic durixeralfs","twelfth edition",0,"xeric","thermic",NA,5,27,"most recent",NA,NA,NA,NA,NA,NA,NA,NA,NA,NA,NA,NA,NA,NA,NA,NA,NA,NA,NA,NA,NA,NA,NA,NA,NA,NA,NA,NA,NA,NA,NA,NA,0,0,0,0,0,0,0,0,0,"terrace","alluvium","NA",TRUE,"8034",725452.137942173,4196472.97952607,TRUE
"814","533243","S09CAL-002",543737,"S2009CAL-002",2009-08-13,10,713783.1,4215207.98,-120.563255310059,38.0593872070312,"NAD83",NA,"DB and ATO","laboratory sampling site","correlates to named soil","UCD09L002",1,NA,NA,NA,NA,NA,1200,51,345,NA,NA,NA,NA,NA,NA,NA,"backslope",NA,"convex","linear","simple",NA,NA,NA,NA,"convex / linear",2018-05-25 00:00:00,"Theresa Kunch","correlated","Dunstone",NA,"series","established","loamy","alfisols","xeralfs","haploxeralfs","ultic haploxeralfs","twelfth edition",0,"xeric","thermic","shallow",21,45,"most recent","F018XI201CA","Thermic Foothills 22-31 PZ",2017-07-06,"Julie Baker","least missing data",FALSE,TRUE,TRUE,TRUE,FALSE,TRUE,FALSE,FALSE,FALSE,FALSE,FALSE,FALSE,FALSE,FALSE,FALSE,FALSE,FALSE,FALSE,FALSE,FALSE,FALSE,FALSE,FALSE,FALSE,FALSE,FALSE,FALSE,0,0,0,0,0,0,0,0,0,"fan remnant","residuum","NA",TRUE,"7088",713783.312288228,4215207.66946512,TRUE
"835","533330","75-CA-55-031x",543824,"S1975-CA-55-031x",2009-03-02,10,730076.24,4195975.6,-120.383865356445,37.8822326660156,"NAD83",NA,"BFS","laboratory sampling site","correlates to named soil","UCD7555031",0,NA,NA,NA,NA,NA,543,8,45,NA,NA,NA,"0",NA,"diorite",NA,NA,NA,NA,NA,"simple","well",NA,NA,NA,NA,2015-12-01 00:00:00,"Theresa Kunch","correlated","Flanly",NA,"series","established","fine-loamy","alfisols","xeralfs","haploxeralfs","ultic haploxeralfs","twelfth edition",0,"xeric","thermic",NA,23,73,"most recent",NA,NA,NA,NA,NA,FALSE,TRUE,TRUE,FALSE,FALSE,TRUE,FALSE,FALSE,FALSE,FALSE,FALSE,FALSE,FALSE,FALSE,FALSE,FALSE,FALSE,FALSE,FALSE,FALSE,FALSE,FALSE,FALSE,FALSE,FALSE,FALSE,FALSE,0,0,0,0,0,0,0,0,0,NA,"residuum","NA",TRUE,"6071",730149.299079568,4196059.61038305,TRUE
"858","533499","S09CAL-001",543993,"S2009CAL-001",2009-08-13,10,713804.54,4215194.1,-120.563011169434,38.0592613220215,"NAD83",NA,"DB and ATO","laboratory sampling site","correlates to named soil","UCD09L001",1,NA,NA,NA,NA,NA,1200,7,310,NA,NA,NA,NA,24,"phyllite",NA,"summit",NA,"convex","convex","simple","well","nose slope",NA,NA,"convex / convex",2015-12-30 00:00:00,"Andrew Paolucci","correlated","Exchequer",NA,"series","established","loamy-skeletal","entisols","orthents","xerorthents","lithic xerorthents","twelfth edition",0,"xeric","thermic",NA,0,24,"single record",NA,NA,NA,NA,NA,FALSE,FALSE,TRUE,FALSE,TRUE,FALSE,FALSE,FALSE,FALSE,FALSE,FALSE,FALSE,FALSE,FALSE,FALSE,FALSE,FALSE,FALSE,FALSE,FALSE,FALSE,FALSE,FALSE,FALSE,FALSE,FALSE,FALSE,0,0,0,5,0,0,0,0,0,"hill","residuum","NA",TRUE,"7088",713804.430727853,4215194.24183509,TRUE
"878","533779","71-CA-05-057x",544273,"S1971-CA-05-057x",2009-02-25,10,683526.48,4231259.79,-120.903762817383,38.2106056213379,"NAD83",NA,"JAD","laboratory sampling site","correlates to named soil","UCD7105057",0,NA,NA,NA,NA,NA,114,9,135,NA,NA,NA,"0",NA,NA,NA,NA,NA,NA,NA,"simple","well",NA,NA,NA,NA,2015-12-24 00:00:00,"Theresa Kunch","correlated","Red Bluff",NA,"series","established","fine","alfisols","xeralfs","palexeralfs","ultic palexeralfs","twelfth edition",0,"xeric","thermic",NA,30,80,"most recent",NA,NA,NA,NA,NA,FALSE,TRUE,TRUE,FALSE,FALSE,FALSE,FALSE,FALSE,FALSE,FALSE,FALSE,FALSE,FALSE,FALSE,FALSE,FALSE,FALSE,FALSE,FALSE,FALSE,FALSE,FALSE,FALSE,FALSE,FALSE,FALSE,FALSE,0,0,0,0,0,0,0,0,0,NA,"residuum","NA",TRUE,"5101",683526.483198412,4231259.79228821,TRUE
"913","542096","11MJE009N",550790,"11CA630MJE009N",2011-04-19,10,702695.5,4227777.95,-120.685836791992,38.1749992370605,"NAD83",NA,"MJE","soil survey inventory","taxadjunct to the series",NA,0,NA,NA,NA,NA,NA,371,33,264,NA,NA,NA,NA,47,"metavolcanics","moderately","backslope",NA,"linear","linear",NA,"well","side slope",NA,NA,"linear / linear",2016-01-28 00:00:00,"Andrew Paolucci","correlated","Jasperpeak",NA,"taxadjunct","tentative","loamy-skeletal","alfisols","xeralfs","haploxeralfs","ultic haploxeralfs","tenth edition",0,"xeric","thermic","shallow",23,47,"most recent",NA,NA,NA,NA,NA,FALSE,TRUE,TRUE,TRUE,TRUE,TRUE,FALSE,FALSE,FALSE,FALSE,FALSE,FALSE,FALSE,FALSE,FALSE,FALSE,FALSE,FALSE,FALSE,FALSE,FALSE,FALSE,FALSE,FALSE,FALSE,FALSE,FALSE,0,2,1,0,0,0,0,0,0,"hill","colluvium & residuum","metavolcanics",TRUE,"7088",702706.713148839,4227762.74651756,TRUE
"934","542120","09EJR019",550814,"09CA630EJR019",2011-12-13,10,721672,4206253,-120.476181030273,37.9768257141113,"WGS84",NA,"Edd Russell","soil survey inventory","taxadjunct to the series",NA,0,NA,NA,NA,NA,NA,469,20,79,NA,NA,NA,NA,87,"metavolcanics",NA,"backslope",NA,NA,NA,NA,"well","side slope",NA,NA,NA,2016-01-20 00:00:00,"Andrew Paolucci","correlated","Gopheridge",NA,"taxadjunct","tentative","coarse-loamy","mollisols","xerolls","haploxerolls","ultic haploxerolls","twelfth edition",0,"xeric","thermic",NA,25,87,"most recent",NA,NA,NA,NA,NA,FALSE,FALSE,FALSE,TRUE,FALSE,TRUE,TRUE,FALSE,FALSE,FALSE,FALSE,FALSE,FALSE,FALSE,FALSE,FALSE,FALSE,FALSE,FALSE,FALSE,FALSE,FALSE,FALSE,FALSE,FALSE,FALSE,FALSE,0,0,0,0,0,0,0,0,0,"hill","colluvium & residuum","metavolcanics",TRUE,"7086",721672.128065402,4206249.04675281,TRUE
"981","542170","2012CA6303043",550864,"2012CA6303043",2012-06-11,10,700522.07,4237095.28,-120.708122253418,38.2595291137695,"NAD83",NA,"Kristine Johnson","soil survey inventory","taxadjunct to the series",NA,0,NA,NA,NA,NA,NA,363,43,250,NA,NA,NA,NA,35,"tuff, unspecified","moderately","backslope",NA,"linear","linear","simple","well","side slope",NA,NA,"linear / linear",2017-09-19 00:00:00,"Andrew Paolucci","correlated","Pentz",NA,"taxadjunct","established","loamy","inceptisols","xerepts","haploxerepts","typic haploxerepts","eleventh edition",0,"xeric","thermic","shallow",0,35,"most recent",NA,NA,NA,NA,NA,FALSE,FALSE,TRUE,TRUE,FALSE,TRUE,FALSE,FALSE,FALSE,FALSE,FALSE,FALSE,FALSE,FALSE,FALSE,FALSE,FALSE,FALSE,FALSE,FALSE,FALSE,FALSE,FALSE,FALSE,FALSE,FALSE,FALSE,0,0,0,0,0,0,0,0,0,NA,"residuum","tuff, unspecified",TRUE,"4201",700522.121512297,4237095.11080002,TRUE
"990","570193","S2011DEB094N",630288,"11CA630DEB094N",2011-10-31,10,693380,4231371,-120.791389465332,38.2094459533691,"NAD83",NA,"Dylan Beaudette","soil survey inventory",NA,"12N7646",0,NA,NA,NA,NA,NA,246,21,100,NA,NA,NA,NA,40,"tuff, acidic","weakly","backslope",NA,"convex","linear","simple","well","side slope",NA,NA,"convex / linear",2011-10-31 00:00:00,NA,"sampled as","Amador",NA,NA,NA,"loamy","alfisols","xeralfs","haploxeralfs","lithic haploxeralfs","tenth edition",0,"xeric","thermic",NA,8,40,"single record",NA,NA,NA,NA,NA,FALSE,TRUE,TRUE,FALSE,FALSE,TRUE,FALSE,FALSE,FALSE,FALSE,FALSE,FALSE,FALSE,FALSE,FALSE,FALSE,FALSE,FALSE,FALSE,FALSE,FALSE,FALSE,FALSE,FALSE,FALSE,FALSE,FALSE,0,2,2,0,0,0,0,0,0,"hill","colluvium & residuum","NA & tuff, acidic",TRUE,"5202",693368.717500338,4231359.62572609,TRUE
"992","620492","R11CA009003",630286,"11CA630DEB012",2011-04-27,6,692324,4231215,-120.803337097168,38.2083358764648,"NAD83",NA,"Dylan Beaudette","laboratory sampling site","taxadjunct to the series","12N7647",1,NA,NA,NA,NA,NA,254,3,NA,NA,NA,NA,NA,NA,NA,NA,"summit",NA,"convex","convex","simple","well","interfluve",NA,NA,"convex / convex",2012-10-11 00:00:00,"Dylan Beaudette","correlated","Pardee",NA,"taxadjunct","established","loamy-skeletal","alfisols","xeralfs","haploxeralfs","ultic haploxeralfs","twelfth edition",0,"xeric","thermic","shallow",11,61,"most recent",NA,NA,NA,NA,NA,FALSE,TRUE,TRUE,FALSE,FALSE,FALSE,FALSE,FALSE,FALSE,FALSE,FALSE,TRUE,FALSE,FALSE,FALSE,FALSE,FALSE,FALSE,FALSE,FALSE,FALSE,FALSE,FALSE,FALSE,FALSE,FALSE,FALSE,0,0,0,0,0,0,0,0,0,"hill","residuum","NA",TRUE,"5201",692325.762925887,4231211.43903342,TRUE
"1023","620529","2012CA6304033",630323,"2012CA6304033",2012-05-09,10,687439,4234478,-120.858261108398,38.2387962341309,"NAD83",NA,"Dylan Beaudette","soil survey inventory","taxadjunct to the series",NA,0,NA,NA,NA,NA,NA,210,5,230,NA,NA,NA,NA,40,"sandstone, unspecified","strongly","summit",NA,"convex","convex","simple","well","crest",NA,NA,"convex / convex",2012-10-22 00:00:00,"Dylan Beaudette","field","Hornitos",NA,"taxadjunct","established","loamy","inceptisols","xerepts","dystroxerepts","lithic dystroxerepts","eleventh edition",0,"xeric","thermic","not used",0,40,"single record","R018XK104CA","Lithic Ione Rolling Hills",2016-05-17,"David Evans","least missing data",FALSE,FALSE,TRUE,TRUE,TRUE,FALSE,FALSE,FALSE,FALSE,FALSE,FALSE,FALSE,FALSE,FALSE,FALSE,FALSE,FALSE,FALSE,FALSE,FALSE,FALSE,FALSE,FALSE,FALSE,FALSE,FALSE,FALSE,0,2,3,0,0,0,0,0,0,"hill","residuum","sandstone, unspecified",TRUE,"5101",687437.88136541,4234479.36638855,TRUE
"1025","620531","2012CA6304058",630325,"2012CA6304058",2012-07-19,10,691875,4227828,-120.80940246582,38.1779594421387,"NAD83",NA,"Dylan Beaudette","soil survey inventory","taxadjunct to the series",NA,0,NA,NA,NA,NA,NA,224,3,0,NA,NA,NA,NA,NA,NA,NA,"summit",NA,"convex","convex","simple","well","nose slope",NA,NA,"convex / convex",2012-10-22 00:00:00,"Dylan Beaudette","field","Pardee",NA,"taxadjunct","established","loamy-skeletal","alfisols","xeralfs","haploxeralfs","ultic haploxeralfs","eleventh edition",0,"xeric","thermic","shallow",15,45,"single record",NA,NA,NA,NA,NA,FALSE,TRUE,TRUE,FALSE,FALSE,FALSE,FALSE,FALSE,FALSE,FALSE,FALSE,TRUE,FALSE,FALSE,FALSE,FALSE,FALSE,FALSE,FALSE,FALSE,FALSE,FALSE,FALSE,FALSE,FALSE,FALSE,FALSE,0,5,0,0,0,0,0,0,0,NA,"residuum","fanglomerate",TRUE,"5101",691874.045885137,4227828.10404596,TRUE
"1091","640595","11KWJ005",646289,"11CA630KWJ005",2011-03-31,10,705101.49,4225272.43,-120.659164428711,38.1519470214844,"NAD83",NA,"Kristine Win Johnson",NA,"correlates to named soil",NA,0,NA,NA,NA,NA,NA,337,29,42,NA,NA,NA,NA,57,"metavolcanics","weakly","backslope",NA,"linear","linear","simple","well","side slope",NA,NA,"linear / linear",2018-07-19 00:00:00,"Cathy Scott","correlated","Bonanza",NA,"series","established","loamy","alfisols","xeralfs","haploxeralfs","ultic haploxeralfs","twelfth edition",0,"xeric","thermic","shallow",30,45,"most recent","F018XI201CA","Thermic Foothills 22-31 PZ",2017-07-06,"Julie Baker","least missing data",FALSE,TRUE,TRUE,FALSE,TRUE,TRUE,FALSE,FALSE,FALSE,FALSE,FALSE,FALSE,FALSE,FALSE,FALSE,FALSE,FALSE,FALSE,FALSE,FALSE,FALSE,FALSE,FALSE,FALSE,FALSE,FALSE,FALSE,0,7,3,0,0,0,0,0,0,"hill","colluvium & residuum","metavolcanics",TRUE,"7088",705107.981275704,4225263.17593917,TRUE
"1102","640609","11KWJ025N",646303,"11CA630KWJ025N",2011-06-08,10,706295.82,4224061.98,-120.646110534668,38.1408309936523,"NAD83",NA,"Kristine Win Johnson","soil survey inventory","correlates to named soil",NA,0,NA,NA,NA,NA,NA,357,48,242,NA,NA,NA,NA,25,"metavolcanics","moderately","backslope",NA,"linear","linear","complex","well","side slope",NA,NA,"linear / linear",2018-05-25 00:00:00,"Theresa Kunch","correlated","Dunstone",NA,"series","established","loamy","alfisols","xeralfs","haploxeralfs","ultic haploxeralfs","twelfth edition",0,"xeric","thermic","shallow",0,25,"most recent","F018XI200CA","Low Elevation Foothills 18-25 PZ",2016-05-17,"David Evans","least missing data",FALSE,FALSE,FALSE,FALSE,FALSE,TRUE,FALSE,FALSE,FALSE,FALSE,FALSE,FALSE,FALSE,FALSE,FALSE,FALSE,FALSE,FALSE,FALSE,FALSE,FALSE,FALSE,FALSE,FALSE,FALSE,FALSE,FALSE,0,5,3,5,2,0,0,0,0,"hill","colluvium & residuum","metavolcanics",TRUE,"7088",706283.26154853,4224058.52125643,TRUE
"1117","640638","BHW 013",646332,"BHW 013",1972-06-12,10,730255.57,4182251.9,-120.386108398438,37.7586097717285,"NAD83",NA,"Bill Wickman","soil survey inventory","correlates to named soil",NA,0,NA,NA,NA,NA,NA,321,10,0,NA,NA,NA,NA,NA,"igneous, unspecified",NA,NA,NA,NA,NA,NA,"somewhat excessively",NA,NA,NA,NA,1972-06-12 00:00:00,NA,"sampled as","Temescal variant-SV",NA,NA,NA,NA,NA,NA,NA,NA,NA,0,NA,NA,NA,NA,NA,"single record",NA,NA,NA,NA,NA,FALSE,FALSE,TRUE,FALSE,TRUE,FALSE,FALSE,FALSE,FALSE,FALSE,FALSE,FALSE,FALSE,FALSE,FALSE,FALSE,FALSE,FALSE,FALSE,FALSE,FALSE,FALSE,FALSE,FALSE,FALSE,FALSE,FALSE,0,0,0,0,0,0,0,0,0,NA,NA,NA,TRUE,"7085",730262.826221421,4182250.47458938,TRUE
"1133","640659","09AMS012",646353,"09CA630AMS012",2009-03-11,10,740518.58,4207124.85,-120.261390686035,37.9799995422363,"NAD83",NA,"Alison Steglich","soil survey inventory","taxadjunct to the series",NA,0,NA,NA,NA,NA,NA,972,55,292,"Montane Hardwood Conifer",NA,NA,NA,183,"breccia, non-volcanic","indurated","backslope",NA,"convex","convex","complex","well","side slope",NA,NA,"convex / convex",2017-08-11 00:00:00,"Andrew Brown","correlated","Devilsnose",NA,"taxadjunct",NA,"loamy-skeletal","inceptisols","xerepts","humixerepts","typic humixerepts","twelfth edition",0,"xeric","mesic","not used",25,100,"most recent",NA,NA,NA,NA,NA,TRUE,FALSE,FALSE,TRUE,FALSE,FALSE,FALSE,FALSE,FALSE,FALSE,FALSE,FALSE,FALSE,FALSE,FALSE,FALSE,FALSE,FALSE,FALSE,FALSE,FALSE,FALSE,FALSE,FALSE,FALSE,FALSE,FALSE,0,0,0,0,0,0,0,0,0,NA,"colluvium & residuum","breccia, non-volcanic",TRUE,"3021",740530.298388488,4207134.93904048,TRUE
"1140","640666","09AMS019",646360,"09CA630AMS019",2009-03-25,10,740917.91,4199883.72,-120.25944519043,37.914722442627,"NAD83",NA,"Alison Steglich","soil survey inventory","correlates to named soil",NA,0,NA,NA,NA,NA,NA,667,14,NA,"Montane Hardwood Conifer",NA,NA,NA,168,"phyllite",NA,"backslope",NA,"convex","convex","simple","well","side slope",NA,NA,"convex / convex",2018-01-04 00:00:00,"Andrew Paolucci","correlated","Deerflat",NA,"taxadjunct","tentative","fine-loamy","alfisols","xeralfs","palexeralfs","ultic palexeralfs","twelfth edition",0,"xeric","mesic",NA,18,68,"most recent","F022AI201CA","Dry Mesic Foothills 33-45 PZ",NA,"Evans, David","least missing data",FALSE,TRUE,TRUE,FALSE,FALSE,TRUE,FALSE,FALSE,FALSE,FALSE,FALSE,FALSE,FALSE,FALSE,FALSE,FALSE,FALSE,FALSE,FALSE,FALSE,FALSE,FALSE,FALSE,FALSE,FALSE,FALSE,FALSE,0,0,0,0,0,0,0,0,0,"hill","colluvium & residuum","phyllite",TRUE,"7212",740914.455281248,4199895.36953448,TRUE
"1157","640687","10PDM156",646381,"10CA630PDM156",2011-10-04,10,728222,4215455,-120.398750305176,38.0580825805664,"NAD83",NA,"Drew Mather","soil survey inventory","correlates to named soil",NA,0,NA,NA,NA,NA,NA,749,22,7,NA,NA,NA,NA,100,"schist, unspecified",NA,"backslope",NA,"convex","linear","complex","well","side slope",NA,NA,"convex / linear",2017-02-28 00:00:00,"Andrew Paolucci","correlated","Wardsferry",NA,"series",NA,"fine-loamy","alfisols","xeralfs","haploxeralfs","ultic haploxeralfs","tenth edition",0,"xeric","thermic","not used",11,61,"most recent",NA,NA,NA,NA,NA,FALSE,TRUE,TRUE,FALSE,TRUE,FALSE,FALSE,FALSE,FALSE,FALSE,FALSE,FALSE,FALSE,FALSE,FALSE,FALSE,FALSE,FALSE,FALSE,FALSE,FALSE,FALSE,FALSE,FALSE,FALSE,FALSE,FALSE,0,1,0,0,0,0,0,0,0,"hill","colluvium & residuum","metasedimentary, unspecified",TRUE,"7211",728221.523250005,4215454.35258417,TRUE
"1161","802242","S2011CA009004",540954,"10CA630BJM074",2010-11-10,10,700875.72,4212270.09,-120.71110534668,38.035831451416,"NAD83",NA,"Ben Marshall","full pedon description","correlates to named soil","12N7644",0,NA,NA,NA,NA,NA,335.799987792969,2,210,NA,NA,NA,NA,NA,NA,NA,NA,NA,"linear","linear","simple","well",NA,NA,"talf","linear / linear",2012-02-09 00:00:00,NA,"correlated","Aquic Argixerolls",NA,"taxon above family",NA,"fine-loamy","mollisols","xerolls","argixerolls","aquic argixerolls","tenth edition",0,"xeric","thermic",NA,20,70,"most recent",NA,NA,NA,NA,NA,FALSE,TRUE,FALSE,FALSE,FALSE,FALSE,TRUE,FALSE,FALSE,FALSE,FALSE,FALSE,FALSE,FALSE,FALSE,FALSE,FALSE,FALSE,FALSE,FALSE,FALSE,FALSE,FALSE,FALSE,FALSE,FALSE,FALSE,0,4,0,0,0,0,0,0,0,"alluvial flat","alluvium","igneous, metamorphic and sedimentary",TRUE,"7083",700873.495601027,4212263.75698086,TRUE
"1162","802243","S2011CA009002",634087,"11CA630CKS075",2011-10-25,10,723413.18,4217966.63,-120.452774047852,38.0819435119629,"NAD83",NA,"Chris Savastio","full pedon description","correlates to named soil","12N7642",0,NA,NA,NA,NA,NA,609,28,250,NA,NA,NA,NA,82,"marble","indurated","backslope",NA,"linear","linear","simple","well","side slope",NA,NA,"linear / linear",2011-10-25 00:00:00,NA,"sampled as","Beybek",NA,NA,NA,"fine","vertisols","xererts","haploxererts","leptic haploxererts","tenth edition",0,"xeric","thermic","not used",10,60,"single record",NA,NA,NA,NA,NA,FALSE,TRUE,TRUE,FALSE,FALSE,FALSE,FALSE,FALSE,FALSE,FALSE,FALSE,FALSE,FALSE,FALSE,FALSE,TRUE,FALSE,FALSE,FALSE,FALSE,FALSE,FALSE,FALSE,FALSE,FALSE,FALSE,FALSE,0,0,0,0,0,0,0,0,0,"hillslope","colluvium & residuum","marble",TRUE,"8317",723407.994094481,4217971.13628826,TRUE
"1163","802245","S2011CA009005",634086,"11CA630CKS074",2011-10-21,10,693432.87,4232497.59,-120.79027557373,38.2197227478027,"NAD83",NA,"Chris Savastio","full pedon description","correlates to named soil","12N7645",0,NA,NA,NA,NA,NA,331,20,20,NA,NA,NA,NA,80,"serpentinite","indurated","shoulder",NA,"convex","convex","simple","well","crest",NA,NA,"convex / convex",2012-02-09 00:00:00,NA,"correlated","Crimeariver",NA,"series",NA,"loamy-skeletal","mollisols","xerolls","argixerolls","typic argixerolls","tenth edition",0,"xeric","thermic","not used",13,63,"most recent",NA,NA,NA,NA,NA,FALSE,TRUE,FALSE,FALSE,TRUE,FALSE,TRUE,FALSE,FALSE,FALSE,FALSE,FALSE,FALSE,FALSE,FALSE,FALSE,FALSE,FALSE,FALSE,FALSE,FALSE,FALSE,FALSE,FALSE,FALSE,FALSE,FALSE,0,2,0,5,0,0,0,0,0,"hillslope","colluvium & residuum","serpentinite",TRUE,"7166",693438.782652904,4232502.53315565,TRUE
"1165","802247","S2011CA009003",630287,"11CA630DEB037",2011-05-12,6,693117,4229326,-120.794723510742,38.1911125183105,"NAD83",NA,"Dylan Beaudette","full pedon description","OSD pedon","12N7643",0,NA,NA,NA,NA,NA,229,9,238,NA,NA,NA,NA,NA,NA,NA,"backslope",NA,"convex","linear","simple","well","side slope",NA,NA,"convex / linear",2012-03-20 00:00:00,NA,"correlated","Shabarudo",NA,"series",NA,"fine-loamy","alfisols","xeralfs","haploxeralfs","ultic haploxeralfs","tenth edition",1,"xeric","thermic",NA,8,42,"most recent",NA,NA,NA,NA,NA,FALSE,TRUE,TRUE,FALSE,FALSE,FALSE,FALSE,FALSE,FALSE,FALSE,FALSE,TRUE,FALSE,FALSE,FALSE,FALSE,FALSE,FALSE,FALSE,FALSE,FALSE,FALSE,FALSE,FALSE,FALSE,FALSE,FALSE,0,0,0,0,0,0,0,0,0,"hill","colluvium & residuum","fanglomerate",TRUE,"5100",693125.296571168,4229318.12338362,TRUE
"1190","894110","2013CA6302015",912004,"2013CA6302015",2013-03-12,10,682091,4221363,-120.922676086426,38.1217384338379,"WGS84",NA,"BJM and DEB","soil survey inventory",NA,NA,0,NA,NA,NA,NA,NA,90,14,305,NA,NA,NA,NA,NA,NA,NA,"backslope",NA,"linear","linear","simple","well","side slope",NA,NA,"linear / linear",2018-07-05 00:00:00,"Theresa Kunch","correlated","SND",NA,"family",NA,"sandy","mollisols","xerolls","haploxerolls","ultic haploxerolls","twelfth edition",0,"xeric","thermic",NA,25,100,"most recent",NA,NA,NA,NA,NA,FALSE,FALSE,TRUE,TRUE,FALSE,FALSE,FALSE,FALSE,FALSE,FALSE,FALSE,FALSE,FALSE,FALSE,FALSE,FALSE,FALSE,FALSE,FALSE,FALSE,FALSE,FALSE,FALSE,FALSE,FALSE,FALSE,FALSE,0,5,2,0,0,0,0,0,0,NA,"alluvium","NA",TRUE,"5101",682091.001465922,4221360.9521311,TRUE
"1191","894111","2013CA6302018",912005,"2013CA6302018",2013-03-12,10,682178,4221357,-120.921684265137,38.1216697692871,"WGS84",NA,"BJM and DEB","soil survey inventory",NA,NA,0,NA,NA,NA,NA,NA,100,4,325,NA,NA,NA,NA,10,"sandstone, unspecified","weakly","summit",NA,"convex","convex","simple","well","crest",NA,NA,"convex / convex",2013-03-12 00:00:00,"Ben Marshall","field","Hornitos",NA,"taxadjunct",NA,"loamy","entisols","orthents","xerorthents","lithic xerorthents","twelfth edition",0,NA,"thermic",NA,0,10,"single record",NA,NA,NA,NA,NA,FALSE,FALSE,TRUE,FALSE,TRUE,FALSE,FALSE,FALSE,FALSE,FALSE,FALSE,FALSE,FALSE,FALSE,FALSE,FALSE,FALSE,FALSE,FALSE,FALSE,FALSE,FALSE,FALSE,FALSE,FALSE,FALSE,FALSE,0,5,5,0,0,0,0,0,0,"hill","residuum","NA",TRUE,"5101",682178.112449142,4221355.18677171,TRUE
"1192","894112","2013CA6302021",912006,"2013CA6302021",2013-03-14,10,682179,4221181,-120.921714782715,38.1200828552246,"WGS84",NA,"BM and ME","soil survey inventory",NA,NA,0,NA,NA,NA,NA,NA,58,4,180,NA,NA,NA,NA,56,"sandstone, unspecified","moderately","toeslope",NA,"linear","concave","complex","well","side slope",NA,NA,"linear / concave",2014-03-14 00:00:00,"Andrew Paolucci","field","Hornitos",NA,"taxadjunct",NA,"coarse-loamy","inceptisols","xerepts","dystroxerepts","typic dystroxerepts","twelfth edition",0,"xeric","thermic",NA,25,56,"single record",NA,NA,NA,NA,NA,FALSE,FALSE,TRUE,TRUE,FALSE,TRUE,FALSE,FALSE,FALSE,FALSE,FALSE,FALSE,FALSE,FALSE,FALSE,FALSE,FALSE,FALSE,FALSE,FALSE,FALSE,FALSE,FALSE,FALSE,FALSE,FALSE,FALSE,0,4,4,0,0,0,0,0,0,"hill","alluvium","NA",TRUE,"5101",682179.136197077,4221179.1088485,TRUE
"1225","894147","2013CA6303044",912049,"2013CA6303044",2013-07-24,10,696203,4239998,-120.756645202637,38.2866020202637,"WGS84",NA,"MJE","soil survey inventory","taxadjunct to the series",NA,0,NA,NA,NA,NA,NA,214,5,30,NA,NA,NA,NA,15,"slate",NA,"summit",NA,"linear","convex",NA,"well","nose slope",NA,NA,"linear / convex",2013-07-24 00:00:00,"MJE","field","Whiterock",NA,"taxadjunct","established","loamy-skeletal","entisols","orthents","xerorthents","lithic xerorthents","eleventh edition",0,"xeric","thermic",NA,0,15,"single record",NA,NA,NA,NA,NA,FALSE,FALSE,TRUE,FALSE,TRUE,FALSE,FALSE,FALSE,FALSE,FALSE,FALSE,FALSE,FALSE,FALSE,FALSE,FALSE,FALSE,FALSE,FALSE,FALSE,FALSE,FALSE,FALSE,FALSE,FALSE,FALSE,FALSE,0,0,0,0,0,0,0,0,0,"hill","residuum","slate",TRUE,"8026",696203.135217557,4239995.56041358,TRUE
"1263","1086338","2012CA6305002",1093637,"2012CA6305002",2012-08-31,10,728332,4219470,-120.396209716797,38.094165802002,"WGS84",NA,"Cathy Scott","soil survey inventory","taxadjunct to the series",NA,0,NA,NA,NA,NA,NA,867.900024414062,65,270,NA,NA,NA,NA,40,"metasedimentary rock, unspecified","very strongly","shoulder",NA,"convex","convex","simple","well","nose slope",NA,NA,"convex / convex",2015-01-28 00:00:00,"Andrew Paolucci","correlated","Moccasinhill",NA,"taxadjunct",NA,"loamy-skeletal","inceptisols","xerepts","humixerepts","lithic humixerepts","twelfth edition",0,"xeric","mesic",NA,8,40,"most recent",NA,NA,NA,NA,NA,FALSE,FALSE,FALSE,FALSE,TRUE,FALSE,TRUE,FALSE,FALSE,FALSE,FALSE,FALSE,FALSE,FALSE,FALSE,FALSE,FALSE,FALSE,FALSE,FALSE,FALSE,FALSE,FALSE,FALSE,FALSE,FALSE,FALSE,0,2,10,10,1,0,0,0,0,"hillslope","residuum","metasedimentary, unspecified",TRUE,"8176",728332.025100988,4219465.25245853,TRUE
"1271","1086348","08JCR002",1093647,"08CA630JCR002",2008-07-08,10,721979,4198040,-120.475219726562,37.9027976989746,"WGS84",NA,"John Rule","soil survey inventory","taxadjunct to the series",NA,0,NA,NA,NA,NA,NA,415.700012207031,23,62,NA,NA,NA,NA,72,"conglomerate, unspecified","moderately","backslope",NA,NA,NA,NA,"well","side slope",NA,NA,NA,2008-07-08 00:00:00,"JCR","field","Pentz",NA,"taxadjunct","established","fine-loamy","mollisols","xerolls","haploxerolls","pachic ultic haploxerolls","twelfth edition",0,"xeric","thermic",NA,25,72,"single record",NA,NA,NA,NA,NA,FALSE,TRUE,FALSE,FALSE,FALSE,TRUE,TRUE,FALSE,FALSE,FALSE,FALSE,FALSE,FALSE,FALSE,FALSE,FALSE,FALSE,FALSE,FALSE,FALSE,FALSE,FALSE,FALSE,FALSE,FALSE,FALSE,FALSE,0,5,0,0,0,0,0,0,0,"hillslope","residuum","conglomerate, unspecified",TRUE,"4201",721979.045785034,4198035.91332208,TRUE
"1358","1137342","2015CA6303054",1155167,"2015CA6303054",2015-09-30,10,706718,4237729,-120.637176513672,38.2638053894043,"WGS84",NA,"Andrew Paolucci","soil survey inventory","taxadjunct to the series",NA,0,NA,NA,NA,NA,NA,592,34,224,NA,NA,NA,NA,105,"phyllite","weakly","backslope","upper third","concave","linear","simple","well","side slope","mountainflank, upper third",NA,"concave / linear",2015-09-30 00:00:00,"Andrew Paolucci","field","Lickinfork",NA,"taxadjunct","tentative","loamy-skeletal","inceptisols","xerepts","dystroxerepts","humic dystroxerepts","twelfth edition",0,"xeric","mesic",NA,16,66,"single record","F022AI201CA","Dry Mesic Foothills 33-45 PZ",2015-09-30,"Andrew Paolucci","least missing data",FALSE,FALSE,TRUE,TRUE,FALSE,TRUE,FALSE,FALSE,FALSE,FALSE,FALSE,FALSE,FALSE,FALSE,FALSE,FALSE,FALSE,FALSE,FALSE,FALSE,FALSE,FALSE,FALSE,FALSE,FALSE,FALSE,FALSE,0,0,0,0,0,0,0,0,0,"hillslope & hill & mountain slope","colluvium & residuum","phyllite",TRUE,"8172",706717.830974787,4237729.50962851,TRUE
"1386","1161642","2016CA6303002",1191404,"2016CA6303002",2016-02-04,10,728897,4215182,-120.391143798828,38.0554161071777,"WGS84",NA,"Andrew Paolucci","soil survey inventory","taxadjunct to the series",NA,0,NA,NA,NA,NA,NA,662,38,75,NA,NA,NA,NA,NA,NA,NA,"backslope","lower third","linear","linear","simple","well","side slope",NA,NA,"linear / linear",2017-04-26 00:00:00,"Andrew Paolucci","correlated","Tiger Creek",NA,"taxadjunct","tentative","fine-loamy","alfisols","xeralfs","palexeralfs","ultic palexeralfs","twelfth edition",0,"xeric","mesic",NA,39,89,"most recent","F022AI201CA","Dry Mesic Foothills 33-45 PZ",2016-02-05,"Andrew Paolucci","least missing data",FALSE,TRUE,FALSE,FALSE,FALSE,FALSE,TRUE,FALSE,FALSE,FALSE,FALSE,FALSE,FALSE,FALSE,FALSE,FALSE,FALSE,FALSE,FALSE,FALSE,FALSE,FALSE,FALSE,FALSE,FALSE,FALSE,FALSE,0,0,0,2,0,0,0,0,0,"hillslope & hill","colluvium & colluvium","marble & metasedimentary, unspecified",TRUE,"8307",728897.995309437,4215181.9826149,TRUE
"1491","1193309","2016CA6306063",1227459,"2016CA6306063",2016-12-30,10,737454.98,4212774.88,-120.294502258301,38.0315361022949,"WGS84",NA,"Andrew Brown","soil survey inventory","correlates to named soil",NA,0,NA,NA,NA,NA,NA,957,37,115,NA,NA,NA,NA,NA,"quartz-diorite",NA,"backslope","middle third","linear","linear","complex","well","side slope",NA,NA,"linear / linear",2016-12-30 00:00:00,"Andrew Brown","field","Holland","wimpy","series",NA,"fine-loamy","alfisols","xeralfs","haploxeralfs","ultic haploxeralfs","twelfth edition",0,"xeric","mesic","not used",33,83,"single record","F022AI201CA","Dry Mesic Foothills 33-45 PZ",2016-12-30,"Andrew Brown","least missing data",TRUE,TRUE,FALSE,FALSE,FALSE,FALSE,FALSE,FALSE,FALSE,FALSE,FALSE,FALSE,FALSE,FALSE,FALSE,FALSE,FALSE,FALSE,FALSE,FALSE,FALSE,FALSE,FALSE,FALSE,FALSE,FALSE,FALSE,0,0,0,0,0,0,0,0,0,"hillslope & hill","colluvium & grus","granodiorite",TRUE,"6055",737454.954825233,4212774.8025913,TRUE
"1492","1193310","2016CA6306064N",1227460,"2016CA6306064N",2016-12-30,10,737498.34,4212779.14,-120.294006347656,38.0315628051758,"WGS84",NA,"Andrew Brown","soil survey inventory","confirmation description",NA,0,NA,NA,NA,NA,NA,946,32,127,NA,NA,NA,NA,NA,"granodiorite",NA,"backslope","middle third","linear","linear","complex","well","nose slope",NA,NA,"linear / linear",2018-01-30 00:00:00,"Andrew Brown","correlated","Shaver",NA,"taxadjunct",NA,"coarse-loamy","inceptisols","xerepts","dystroxerepts","typic dystroxerepts","twelfth edition",0,NA,"mesic",NA,25,100,"most recent","F022AI201CA","Dry Mesic Foothills 33-45 PZ",NA,"Andrew Brown","least missing data",FALSE,FALSE,TRUE,TRUE,FALSE,FALSE,FALSE,FALSE,FALSE,FALSE,FALSE,FALSE,FALSE,FALSE,FALSE,FALSE,FALSE,FALSE,FALSE,FALSE,FALSE,FALSE,FALSE,FALSE,FALSE,FALSE,FALSE,0,0,0,0,0,0,0,0,0,"hillslope & hill","colluvium & grus & residuum","granodiorite",TRUE,"6055",737498.320372949,4212779.06431543,TRUE
